lambda,threshold,L_t_Sample_C,L_t_Sample_R,L_g_Black,L_g_White,L_tilde_t,is_primary_minimizer,is_sample_r_minimizer,is_robustness_minimizer
0.0,1,0.0,0.0,0.0,0.0,0.0,True,True,True
0.0,2,0.03788617886178862,0.04269476018852232,0.02462121212121212,0.05786471067644662,0.0812696198116498,False,False,False
0.0,3,0.07560975609756097,0.08331023010812309,0.056818181818181816,0.1039119804400978,0.16219044297174748,False,False,False
0.0,4,0.11430894308943089,0.12226226781258663,0.09604978354978355,0.14180929095354522,0.245204046041158,False,False,False
0.0,5,0.16146341463414635,0.1685611311339063,0.14393939393939395,0.18785656071719642,0.3463550749912801,False,False,False
0.0,6,0.208130081300813,0.21375103964513445,0.19155844155844157,0.2330888345558272,0.4464597139867457,False,False,False
0.0,7,0.2611382113821138,0.2633767673967286,0.24972943722943722,0.278321108394458,0.5601674223927451,False,False,False
0.0,8,0.31398373983739836,0.3118935403382312,0.31385281385281383,0.3141809290953545,0.6735263341471922,False,False,False
0.0,9,0.3671544715447154,0.36041031327973383,0.38014069264069267,0.3475957620211899,0.7875828392047436,False,False,False
0.0,10,0.4219512195121951,0.40962018297754366,0.45292207792207795,0.3753056234718826,0.9051273107778165,False,False,False
0.0,11,0.4661788617886179,0.45065151095092876,0.5143398268398268,0.39364303178484106,1.0,False,False,False
0.01,1,0.0053382113821138204,0.005493484890490713,0.004856601731601732,0.00606356968215159,0.01,True,True,True
0.01,2,0.04146991869918699,0.046192126420848356,0.028400974025974024,0.06115321923390384,0.08788001225197375,False,False,False
0.01,3,0.07796747967479675,0.08550318824507902,0.05953463203463204,0.10572942135289323,0.1664016180424869,False,False,False
0.01,4,0.11566016260162602,0.12341973939561962,0.09783008658008657,0.14251426242868784,0.24742456117014636,False,False,False
0.01,5,0.16172520325203252,0.16865261990573882,0.14467803030303028,0.187400162999185,0.3464066019142275,False,False,False
0.01,6,0.20740650406504063,0.21289853063487663,0.1913095238095238,0.23165036674816628,0.4445385222687485,False,False,False
0.01,7,0.2594747967479675,0.261635708344885,0.24844155844155844,0.27609209453952727,0.556341562972351,False,False,False
0.01,8,0.31143739837398376,0.3093318547269199,0.31148268398268397,0.3113691931540342,0.667902858804502,False,False,False
0.01,9,0.3638390243902439,0.35713889658996395,0.37679924242424245,0.344319478402608,0.780374083611965,False,False,False
0.01,10,0.4178585365853659,0.4056445799833656,0.44855248917748913,0.37162999185004075,0.8963136252423807,False,False,False
0.01,11,0.4615170731707317,0.4461449958414194,0.5091964285714285,0.38970660146699265,0.99,False,False,False
0.02,1,0.010676422764227641,0.010986969780981426,0.009713203463203464,0.01212713936430318,0.02,True,True,True
0.02,2,0.04505365853658536,0.04968949265317438,0.03218073593073593,0.06444172779136104,0.0944904046922977,False,False,False
0.02,3,0.08032520325203252,0.08769614638203493,0.062251082251082245,0.10754686226568867,0.17061279311322633,False,False,False
0.02,4,0.11701138211382112,0.12457721097865262,0.09961038961038961,0.14321923390383048,0.2496450762991347,False,False,False
0.02,5,0.16198699186991872,0.16874410867757142,0.14541666666666667,0.1869437652811736,0.34645812883717486,False,False,False
0.02,6,0.2066829268292683,0.2120460216246188,0.19106060606060607,0.23021189894050528,0.44261733055075125,False,False,False
0.02,7,0.25781138211382115,0.25989464929304135,0.24715367965367965,0.2738630806845966,0.5525157035519569,False,False,False
0.02,8,0.30889105691056906,0.30677016911560856,0.3091125541125541,0.30855745721271394,0.6622793834618115,False,False,False
0.02,9,0.3605235772357724,0.35386747990019407,0.3734577922077922,0.34104319478402606,0.7731653280191867,False,False,False
0.02,10,0.4137658536585366,0.4016689769891877,0.44418290043290043,0.36795436022819883,0.887499939706945,False,False,False
0.02,11,0.4568552845528455,0.4416384807319102,0.5040530303030303,0.38577017114914425,0.98,False,False,False
0.03,1,0.016014634146341463,0.016480454671472137,0.014569805194805194,0.018190709046454766,0.03,True,True,True
0.03,2,0.04863739837398374,0.05318685888550041,0.03596049783549783,0.06773023634881827,0.10110079713262166,False,False,False
0.03,3,0.0826829268292683,0.08988910451899086,0.06496753246753247,0.10936430317848411,0.17482396818396576,False,False,False
0.03,4,0.11836260162601625,0.1257346825616856,0.10139069264069263,0.1439242053789731,0.25186559142812304,False,False,False
0.03,5,0.16224878048780486,0.16883559744940393,0.14615530303030302,0.18648736756316217,0.34650965576012227,False,False,False
0.03,6,0.2059593495934959,0.21119351261436095,0.19081168831168832,0.22877343113284437,0.44069613883275405,False,False,False
0.03,7,0.2561479674796748,0.25815359024119766,0.24586580086580084,0.27163406682966584,0.5486898441315627,False,False,False
0.03,8,0.30634471544715447,0.3042084835042972,0.30674242424242426,0.3057457212713936,0.6566559081191212,False,False,False
0.03,9,0.3572081300813008,0.35059606321042414,0.37011634199134197,0.33776691116544416,0.7659565724264081,False,False,False
0.03,10,0.40967317073170734,0.3976933739950097,0.43981331168831167,0.364278728606357,0.8786862541715091,False,False,False
0.03,11,0.45219349593495933,0.43713196562240086,0.49890963203463207,0.38183374083129584,0.97,False,False,False
0.04,1,0.021352845528455282,0.021973939561962853,0.019426406926406927,0.02425427872860636,0.04,True,True,True
0.04,2,0.05222113821138211,0.05668422511782645,0.03974025974025974,0.07101874490627547,0.10771118957294562,False,False,False
0.04,3,0.08504065040650406,0.09208206265594676,0.06768398268398268,0.11118174409127954,0.17903514325470515,False,False,False
0.04,4,0.11971382113821138,0.12689215414471858,0.10317099567099566,0.14462917685411572,0.25408610655711145,False,False,False
0.04,5,0.16251056910569106,0.16892708622123648,0.14689393939393938,0.18603096984515077,0.3465611826830696,False,False,False
0.04,6,0.20523577235772358,0.21034100360410313,0.19056277056277054,0.22733496332518338,0.43877494711475684,False,False,False
0.04,7,0.25448455284552846,0.25641253118935403,0.24457792207792206,0.2694050529747351,0.5448639847111687,False,False,False
0.04,8,0.3037983739837398,0.3016467978929859,0.3043722943722943,0.3029339853300733,0.651032432776431,False,False,False
0.04,9,0.3538926829268293,0.34732464652065426,0.36677489177489175,0.33449062754686226,0.7587478168336297,False,False,False
0.04,10,0.405580487804878,0.39371777100083166,0.4354437229437229,0.36060309698451504,0.8698725686360733,False,False,False
0.04,11,0.44753170731707315,0.4326254505128916,0.4937662337662338,0.37789731051344744,0.96,False,False,False
0.05,1,0.026691056910569107,0.027467424452453565,0.02428300865800866,0.03031784841075795,0.05,True,True,True
0.05,2,0.05580487804878049,0.060181591350152476,0.04352002164502165,0.0743072534637327,0.11432158201326956,False,False,False
0.05,3,0.08739837398373984,0.09427502079290268,0.0704004329004329,0.11299918500407498,0.1832463183254446,False,False,False
0.05,4,0.12106504065040652,0.12804962572775158,0.1049512987012987,0.14533414832925834,0.2563066216860998,False,False,False
0.05,5,0.16277235772357723,0.16901857499306902,0.14763257575757574,0.18557457212713935,0.34661270960601703,False,False,False
0.05,6,0.2045121951219512,0.20948849459384528,0.1903138528138528,0.22589649551752242,0.4368537553967596,False,False,False
0.05,7,0.2528211382113821,0.2546714721375104,0.24329004329004328,0.26717603911980436,0.5410381252907746,False,False,False
0.05,8,0.3012520325203252,0.2990851122816745,0.3020021645021645,0.30012224938875304,0.6454089574337406,False,False,False
0.05,9,0.35057723577235766,0.3440532298308844,0.36343344155844154,0.33121434392828036,0.7515390612408512,False,False,False
0.05,10,0.4014878048780488,0.38974216800665373,0.4310741341991342,0.35692746536267317,0.8610588831006375,False,False,False
0.05,11,0.442869918699187,0.4281189354033823,0.4886228354978355,0.373960880195599,0.95,False,False,False
0.06,1,0.032029268292682926,0.032960909342944274,0.02913961038961039,0.03638141809290953,0.06,True,True,True
0.06,2,0.059388617886178864,0.06367895758247852,0.04729978354978355,0.0775957620211899,0.12093197445359351,False,False,False
0.06,3,0.0897560975609756,0.0964679789298586,0.07311688311688312,0.11481662591687042,0.187457493396184,False,False,False
0.06,4,0.12241626016260161,0.12920709731078459,0.10673160173160173,0.14603911980440099,0.25852713681508815,False,False,False
0.06,5,0.1630341463414634,0.1691100637649016,0.14837121212121213,0.18511817440912795,0.3466642365289644,False,False,False
0.06,6,0.20378861788617883,0.20863598558358745,0.19006493506493508,0.22445802770986142,0.4349325636787624,False,False,False
0.06,7,0.25115772357723576,0.25293041308566677,0.24200216450216452,0.2649470252648737,0.5372122658703805,False,False,False
0.06,8,0.2987056910569106,0.2965234266703632,0.2996320346320346,0.29731051344743276,0.6397854820910502,False,False,False
0.06,9,0.34726178861788615,0.3407818131411145,0.3600919913419913,0.32793806030969846,0.7443303056480727,False,False,False
0.06,10,0.39739512195121945,0.3857665650124757,0.42670454545454545,0.35325183374083124,0.8522451975652017,False,False,False
0.06,11,0.43820813008130083,0.42361242029387297,0.4834794372294372,0.37002444987775057,0.94,False,False,False
0.07,1,0.037367479674796755,0.03845439423343499,0.03399621212121212,0.04244498777506113,0.07,True,True,True
0.07,2,0.06297235772357723,0.06717632381480455,0.05107954545454546,0.08088427057864711,0.12754236689391746,False,False,False
0.07,3,0.09211382113821139,0.09866093706681453,0.07583333333333332,0.11663406682966584,0.19166866846692346,False,False,False
0.07,4,0.12376747967479675,0.1303645688938176,0.10851190476190477,0.1467440912795436,0.2607476519440765,False,False,False
0.07,5,0.16329593495934958,0.1692015525367341,0.14910984848484848,0.18466177669111652,0.3467157634519118,False,False,False
0.07,6,0.20306504065040648,0.20778347657332966,0.1898160173160173,0.2230195599022005,0.4330113719607652,False,False,False
0.07,7,0.2494943089430894,0.2511893540338231,0.24071428571428571,0.26271801140994294,0.5333864064499865,False,False,False
0.07,8,0.29615934959349594,0.2939617410590518,0.2972619047619048,0.2944987775061124,0.6341620067483599,False,False,False
0.07,9,0.34394634146341463,0.3375103964513446,0.3567505411255411,0.3246617766911165,0.7371215500552942,False,False,False
0.07,10,0.3933024390243902,0.3817909620182977,0.42233495670995674,0.34957620211898943,0.8434315120297659,False,False,False
0.07,11,0.43354634146341464,0.4191059051843637,0.47833603896103893,0.3660880195599022,0.9299999999999999,False,False,False
0.08,1,0.042705691056910564,0.043947879123925705,0.038852813852813854,0.04850855745721272,0.08,True,True,True
0.08,2,0.06655609756097562,0.07067369004713059,0.05485930735930736,0.08417277913610433,0.13415275933424142,False,False,False
0.08,3,0.09447154471544715,0.10085389520377046,0.07854978354978356,0.11845150774246128,0.19587984353766288,False,False,False
0.08,4,0.12511869918699187,0.13152204047685057,0.1102922077922078,0.14744906275468625,0.26296816707306486,False,False,False
0.08,5,0.1635577235772358,0.16929304130856668,0.14984848484848487,0.18420537897310515,0.3467672903748592,False,False,False
0.08,6,0.20234146341463416,0.20693096756307183,0.18956709956709955,0.22158109209453952,0.431090180242768,False,False,False
0.08,7,0.2478308943089431,0.24944829498197948,0.23942640692640696,0.2604889975550122,0.5295605470295923,False,False,False
0.08,8,0.2936130081300813,0.2914000554477405,0.2948917748917749,0.2916870415647922,0.6285385314056696,False,False,False
0.08,9,0.3406308943089431,0.3342389797615747,0.3534090909090909,0.3213854930725346,0.7299127944625158,False,False,False
0.08,10,0.389209756097561,0.3778153590241198,0.41796536796536804,0.3459005704971475,0.8346178264943301,False,False,False
0.08,11,0.4288845528455285,0.41459939007485447,0.4731926406926407,0.3621515892420538,0.92,False,False,False
0.09,1,0.048043902439024386,0.04944136401441641,0.04370941558441558,0.054572127139364296,0.09,True,True,True
0.09,2,0.07013983739837398,0.07417105627945662,0.05863906926406926,0.08746128769356153,0.1407631517745654,False,False,False
0.09,3,0.09682926829268293,0.10304685334072637,0.08126623376623376,0.12026894865525672,0.20009101860840228,False,False,False
0.09,4,0.12646991869918697,0.13267951205988357,0.11207251082251082,0.14815403422982884,0.2651886822020532,False,False,False
0.09,5,0.16381951219512195,0.16938453008039922,0.15058712121212123,0.18374898125509373,0.3468188172978066,False,False,False
0.09,6,0.20161788617886178,0.20607845855281398,0.18931818181818183,0.22014262428687859,0.4291689885247708,False,False,False
0.09,7,0.24616747967479677,0.24770723593013586,0.23813852813852815,0.2582599837000815,0.5257346876091983,False,False,False
0.09,8,0.29106666666666664,0.28883836983642913,0.29252164502164507,0.28887530562347186,0.6229150560629794,False,False,False
0.09,9,0.3373154471544716,0.3309675630718048,0.3500676406926407,0.3181092094539527,0.7227040388697373,False,False,False
0.09,10,0.38511707317073174,0.3738397560299418,0.4135957792207792,0.34222493887530564,0.8258041409588943,False,False,False
0.09,11,0.4242227642276423,0.4100928749653452,0.46804924242424245,0.3582151589242054,0.91,False,False,False
0.1,1,0.053382113821138215,0.05493484890490713,0.04856601731601732,0.0606356968215159,0.1,True,True,True
0.1,2,0.07372357723577236,0.07766842251178264,0.06241883116883117,0.09074979625101874,0.14737354421488932,False,False,False
0.1,3,0.0991869918699187,0.10523981147768229,0.08398268398268398,0.12208638956805216,0.20430219367914174,False,False,False
0.1,4,0.1278211382113821,0.13383698364291657,0.11385281385281386,0.1488590057049715,0.26740919733104157,False,False,False
0.1,5,0.16408130081300815,0.1694760188522318,0.15132575757575756,0.18329258353708233,0.34687034422075397,False,False,False
0.1,6,0.20089430894308943,0.20522594954255613,0.18906926406926408,0.21870415647921762,0.4272477968067736,False,False,False
0.1,7,0.24450406504065042,0.24596617687829223,0.23685064935064937,0.2560309698451508,0.5219088281888041,False,False,False
0.1,8,0.28852032520325205,0.2862766842251178,0.29015151515151516,0.2860635696821516,0.617291580720289,False,False,False
0.1,9,0.33399999999999996,0.3276961463820349,0.34672619047619047,0.3148329258353708,0.7154952832769589,False,False,False
0.1,10,0.38102439024390244,0.36986415303576375,0.4092261904761905,0.3385493072534637,0.8169904554234585,False,False,False
0.1,11,0.41956097560975614,0.4055863598558359,0.4629058441558442,0.35427872860635695,0.9,False,False,False
0.11,1,0.05872032520325203,0.06042833379539784,0.053422619047619045,0.06669926650366749,0.11,True,True,True
0.11,2,0.07730731707317073,0.08116578874410868,0.06619859307359308,0.09403830480847596,0.15398393665521326,False,False,False
0.11,3,0.10154471544715447,0.1074327696146382,0.08669913419913419,0.12390383048084759,0.20851336874988116,False,False,False
0.11,4,0.12917235772357724,0.13499445522594955,0.11563311688311688,0.1495639771801141,0.26962971246003,False,False,False
0.11,5,0.16434308943089432,0.1695675076240643,0.15206439393939394,0.1828361858190709,0.3469218711437014,False,False,False
0.11,6,0.20017073170731706,0.20437344053229833,0.18882034632034633,0.21726568867155663,0.42532660508877634,False,False,False
0.11,7,0.24284065040650404,0.24422511782644857,0.23556277056277056,0.25380195599022004,0.5180829687684101,False,False,False
0.11,8,0.2859739837398374,0.2837149986138065,0.2877813852813853,0.2832518337408313,0.6116681053775987,False,False,False
0.11,9,0.33068455284552845,0.32442472969226505,0.3433847402597403,0.3115566422167889,0.7082865276841803,False,False,False
0.11,10,0.3769317073170732,0.3658885500415858,0.40485660173160176,0.3348736756316219,0.8081767698880228,False,False,False
0.11,11,0.41489918699186995,0.4010798447463266,0.4577624458874459,0.35034229828850855,0.89,False,False,False
0.12,1,0.06405853658536585,0.06592181868588855,0.05827922077922078,0.07276283618581907,0.12,True,True,True
0.12,2,0.08089105691056911,0.08466315497643472,0.06997835497835497,0.09732681336593316,0.16059432909553722,False,False,False
0.12,3,0.10390243902439024,0.10962572775159411,0.08941558441558442,0.12572127139364303,0.21272454382062056,False,False,False
0.12,4,0.13052357723577238,0.13615192680898253,0.11741341991341991,0.15026894865525672,0.27185022758901833,False,False,False
0.12,5,0.1646048780487805,0.16965899639589685,0.1528030303030303,0.1823797881010595,0.3469733980666488,False,False,False
0.12,6,0.19944715447154474,0.20352093152204048,0.18857142857142856,0.21582722086389566,0.42340541337077914,False,False,False
0.12,7,0.24117723577235772,0.24248405877460494,0.23427489177489177,0.2515729421352893,0.5142571093480159,False,False,False
0.12,8,0.28342764227642275,0.28115331300249513,0.2854112554112554,0.280440097799511,0.6060446300349084,False,False,False
0.12,9,0.3273691056910569,0.32115331300249517,0.3400432900432901,0.308280358598207,0.701077772091402,False,False,False
0.12,10,0.3728390243902439,0.36191294704740784,0.400487012987013,0.3311980440097799,0.799363084352587,False,False,False
0.12,11,0.41023739837398376,0.3965733296368173,0.45261904761904764,0.34640586797066014,0.88,False,False,False
0.13,1,0.06939674796747967,0.07141530357637926,0.0631358225108225,0.07882640586797066,0.13,True,True,True
0.13,2,0.08447479674796747,0.08816052120876075,0.07375811688311688,0.1006153219233904,0.1672047215358612,False,False,False
0.13,3,0.10626016260162602,0.11181868588855005,0.09213203463203462,0.12753871230643848,0.21693571889136,False,False,False
0.13,4,0.13187479674796748,0.13730939839201553,0.11919372294372295,0.15097392013039934,0.2740707427180067,False,False,False
0.13,5,0.16486666666666666,0.16975048516772945,0.15354166666666666,0.18192339038304808,0.34702492498959614,False,False,False
0.13,6,0.19872357723577233,0.20266842251178263,0.18832251082251084,0.21438875305623473,0.42148422165278193,False,False,False
0.13,7,0.23951382113821137,0.2407429997227613,0.232987012987013,0.2493439282803586,0.5104312499276218,False,False,False
0.13,8,0.28088130081300816,0.2785916273911838,0.2830411255411256,0.2776283618581907,0.600421154692218,False,False,False
0.13,9,0.32405365853658535,0.31788189631272523,0.33670183982683977,0.3050040749796251,0.6938690164986234,False,False,False
0.13,10,0.3687463414634146,0.3579373440532298,0.39611742424242424,0.32752241238793806,0.7905493988171511,False,False,False
0.13,11,0.4055756097560976,0.392066814527308,0.4474756493506493,0.34246943765281174,0.87,False,False,False
0.14,1,0.07473495934959351,0.07690878846686998,0.06799242424242424,0.08488997555012226,0.14,True,True,True
0.14,2,0.08805853658536585,0.09165788744108679,0.0775378787878788,0.1039038304808476,0.17381511397618515,False,False,False
0.14,3,0.10861788617886178,0.11401164402550597,0.09484848484848485,0.1293561532192339,0.2211468939620994,False,False,False
0.14,4,0.13322601626016262,0.1384668699750485,0.12097402597402597,0.15167889160554196,0.27629125784699504,False,False,False
0.14,5,0.16512845528455283,0.16984197393956196,0.15428030303030305,0.18146699266503666,0.34707645191254355,False,False,False
0.14,6,0.198,0.2018159135015248,0.1880735930735931,0.21295028524857376,0.41956302993478467,False,False,False
0.14,7,0.23785040650406508,0.23900194067091768,0.2316991341991342,0.24711491442542785,0.5066053905072277,False,False,False
0.14,8,0.2783349593495935,0.27602994177987245,0.2806709956709957,0.2748166259168704,0.5947976793495278,False,False,False
0.14,9,0.32073821138211384,0.31461047962295535,0.3333603896103896,0.3017277913610432,0.6866602609058449,False,False,False
0.14,10,0.3646536585365853,0.35396174105905187,0.3917478354978355,0.32384678076609613,0.7817357132817154,False,False,False
0.14,11,0.4009138211382114,0.38756029941779874,0.44233225108225105,0.33853300733496333,0.86,False,False,False
0.15,1,0.08007317073170732,0.08240227335736068,0.07284902597402597,0.09095354523227384,0.15,True,True,True
0.15,2,0.09164227642276424,0.09515525367341282,0.08131764069264068,0.10719233903830482,0.1804255064165091,False,False,False
0.15,3,0.11097560975609756,0.11620460216246187,0.09756493506493508,0.13117359413202934,0.22535806903283884,False,False,False
0.15,4,0.13457723577235772,0.1396243415580815,0.122754329004329,0.15238386308068458,0.2785117729759834,False,False,False
0.15,5,0.16539024390243903,0.16993346271139448,0.1550189393939394,0.18101059494702526,0.3471279788354909,False,False,False
0.15,6,0.19727642276422763,0.20096340449126698,0.1878246753246753,0.21151181744091277,0.41764183821678746,False,False,False
0.15,7,0.2361869918699187,0.23726088161907402,0.2304112554112554,0.2448859005704971,0.5027795310868336,False,False,False
0.15,8,0.27578861788617887,0.27346825616856113,0.27830086580086577,0.2720048899755501,0.5891742040068374,False,False,False
0.15,9,0.31742276422764226,0.3113390629331855,0.3300189393939394,0.29845150774246126,0.6794515053130665,False,False,False
0.15,10,0.3605609756097561,0.3499861380648739,0.38737824675324667,0.3201711491442543,0.7729220277462796,False,False,False
0.15,11,0.39625203252032515,0.3830537843082894,0.4371888528138528,0.3345965770171149,0.85,False,False,False
0.16,1,0.08541138211382113,0.08789575824785141,0.07770562770562771,0.09701711491442544,0.16,True,True,True
0.16,2,0.0952260162601626,0.09865261990573886,0.08509740259740259,0.11048084759576202,0.18703589885683303,False,False,False
0.16,3,0.11333333333333333,0.1183975602994178,0.10028138528138528,0.1329910350448248,0.22956924410357826,False,False,False
0.16,4,0.13592845528455286,0.14078181314111451,0.12453463203463203,0.15308883455582722,0.28073228810497175,False,False,False
0.16,5,0.1656520325203252,0.17002495148322705,0.15575757575757576,0.18055419722901386,0.3471795057584383,False,False,False
0.16,6,0.19655284552845528,0.20011089548100913,0.18757575757575756,0.21007334963325183,0.41572064649879026,False,False,False
0.16,7,0.23452357723577236,0.2355198225672304,0.2291233766233766,0.24265688671556643,0.49895367166643956,False,False,False
0.16,8,0.2732422764227642,0.27090657055724976,0.2759307359307359,0.26919315403422983,0.583550728664147,False,False,False
0.16,9,0.31410731707317074,0.3080676462434156,0.3266774891774892,0.29517522412387937,0.672242749720288,False,False,False
0.16,10,0.3564682926829268,0.34601053507069585,0.38300865800865797,0.3164955175224124,0.7641083422108438,False,False,False
0.16,11,0.39159024390243896,0.3785472691987801,0.4320454545454545,0.33066014669926647,0.84,False,False,False
0.17,1,0.09074959349593496,0.09338924313834211,0.08256222943722945,0.10308068459657702,0.17,True,True,True
0.17,2,0.09880975609756099,0.10214998613806489,0.0888771645021645,0.11376935615321923,0.19364629129715702,False,False,False
0.17,3,0.1156910569105691,0.12059051843637372,0.1029978354978355,0.13480847595762022,0.2337804191743177,False,False,False
0.17,4,0.13727967479674796,0.1419392847241475,0.12631493506493507,0.15379380603096984,0.2829528032339601,False,False,False
0.17,5,0.16591382113821138,0.17011644025505962,0.15649621212121215,0.18009779951100244,0.34723103268138567,False,False,False
0.17,6,0.1958292682926829,0.19925838647075128,0.18732683982683984,0.20863488182559087,0.413799454780793,False,False,False
0.17,7,0.23286016260162604,0.23377876351538676,0.2278354978354978,0.2404278728606357,0.4951278122460454,False,False,False
0.17,8,0.27069593495934957,0.26834488494593844,0.27356060606060606,0.2663814180929095,0.5779272533214568,False,False,False
0.17,9,0.31079186991869917,0.3047962295536457,0.32333603896103896,0.29189894050529747,0.6650339941275094,False,False,False
0.17,10,0.3523756097560976,0.3420349320765179,0.3786390692640692,0.31281988590057047,0.755294656675408,False,False,False
0.17,11,0.3869284552845528,0.37404075408927084,0.42690205627705624,0.32672371638141806,0.83,False,False,False
0.18,1,0.09608780487804877,0.09888272802883281,0.08741883116883116,0.10914425427872859,0.18,True,True,True
0.18,2,0.10239349593495935,0.1056473523703909,0.0926569264069264,0.11705786471067645,0.20025668373748096,False,False,False
0.18,3,0.11804878048780487,0.12278347657332964,0.10571428571428572,0.13662591687041567,0.23799159424505711,False,False,False
0.18,4,0.1386308943089431,0.14309675630718047,0.12809523809523812,0.15449877750611246,0.28517331836294846,False,False,False
0.18,5,0.16617560975609758,0.17020792902689216,0.15723484848484848,0.17964140179299104,0.34728255960433313,False,False,False
0.18,6,0.19510569105691059,0.19840587746049348,0.1870779220779221,0.20719641401792993,0.41187826306279585,False,False,False
0.18,7,0.2311967479674797,0.23203770446354316,0.22654761904761905,0.238198859005705,0.49130195282565137,False,False,False
0.18,8,0.268149593495935,0.26578319933462713,0.2711904761904762,0.26356968215158927,0.5723037779787664,False,False,False
0.18,9,0.3074764227642277,0.3015248128638758,0.31999458874458875,0.2886226568867156,0.6578252385347311,False,False,False
0.18,10,0.3482829268292683,0.33805932908233993,0.3742694805194805,0.3091442542787286,0.7464809711399721,False,False,False
0.18,11,0.3822666666666667,0.3695342389797616,0.421758658008658,0.3227872860635697,0.8200000000000001,False,False,False
0.19,1,0.1014260162601626,0.10437621291932354,0.0922754329004329,0.11520782396088021,0.19,True,True,True
0.19,2,0.10597723577235772,0.10914471860271693,0.09643668831168833,0.12034637326813367,0.2068670761778049,False,False,False
0.19,3,0.12040650406504065,0.12497643471028556,0.10843073593073593,0.1384433577832111,0.24220276931579657,False,False,False
0.19,4,0.13998211382113823,0.1442542278902135,0.12987554112554112,0.1552037489812551,0.28739383349193687,False,False,False
0.19,5,0.16643739837398375,0.1702994177987247,0.15797348484848486,0.17918500407497964,0.3473340865272805,False,False,False
0.19,6,0.19438211382113826,0.19755336845023566,0.18682900432900432,0.20575794621026897,0.40995707134479864,False,False,False
0.19,7,0.22953333333333334,0.23029664541169945,0.22525974025974024,0.23596984515077427,0.4874760934052572,False,False,False
0.19,8,0.26560325203252033,0.2632215137233158,0.26882034632034635,0.26075794621026893,0.5666803026360762,False,False,False
0.19,9,0.3041609756097561,0.2982533961741059,0.3166531385281386,0.28534637326813367,0.6506164829419526,False,False,False
0.19,10,0.3441902439024391,0.33408372608816195,0.3698998917748918,0.3054686226568868,0.7376672856045364,False,False,False
0.19,11,0.3776048780487805,0.36502772387025234,0.4166152597402598,0.3188508557457213,0.81,False,False,False
0.2,1,0.10676422764227643,0.10986969780981426,0.09713203463203464,0.1212713936430318,0.2,True,True,True
0.2,2,0.10956097560975611,0.11264208483504297,0.10021645021645023,0.12363488182559089,0.21347746861812886,False,False,False
0.2,3,0.12276422764227642,0.1271693928472415,0.11114718614718615,0.14026079869600655,0.24641394438653597,False,False,False
0.2,4,0.14133333333333334,0.14541169947324648,0.13165584415584416,0.15590872045639773,0.2896143486209252,False,False,False
0.2,5,0.16669918699186992,0.17039090657055725,0.15871212121212122,0.17872860635696822,0.3473856134502279,False,False,False
0.2,6,0.19365853658536586,0.19670085943997787,0.1865800865800866,0.204319478402608,0.4080358796268014,False,False,False
0.2,7,0.22786991869918702,0.22855558635985582,0.2239718614718615,0.23374083129584353,0.4836502339848632,False,False,False
0.2,8,0.26305691056910574,0.26065982811200444,0.26645021645021644,0.2579462102689487,0.5610568272933859,False,False,False
0.2,9,0.30084552845528456,0.294981979484336,0.3133116883116883,0.28207008964955177,0.6434077273491742,False,False,False
0.2,10,0.3400975609756097,0.3301081230939839,0.36553030303030304,0.3017929910350448,0.7288536000691006,False,False,False
0.2,11,0.37294308943089427,0.360521208760743,0.41147186147186154,0.3149144254278729,0.8,False,False,False
0.21,1,0.11210243902439024,0.11536318270030496,0.10198863636363636,0.12733496332518335,0.21,True,True,True
0.21,2,0.11314471544715447,0.116139451067369,0.1039962121212121,0.1269233903830481,0.2200878610584528,False,False,False
0.21,3,0.1251219512195122,0.1293623509841974,0.11386363636363638,0.14207823960880198,0.2506251194572754,False,False,False
0.21,4,0.14268455284552845,0.14656917105627948,0.13343614718614719,0.15661369193154037,0.2918348637499135,False,False,False
0.21,5,0.1669609756097561,0.17048239534238982,0.15945075757575758,0.17827220863895682,0.34743714037317525,False,False,False
0.21,6,0.19293495934959348,0.19584835042972001,0.18633116883116885,0.20288101059494704,0.4061146879088042,False,False,False
0.21,7,0.22620650406504067,0.2268145273080122,0.2226839826839827,0.2315118174409128,0.4798243745644691,False,False,False
0.21,8,0.2605105691056911,0.25809814250069313,0.2640800865800866,0.25513447432762837,0.5554333519506955,False,False,False
0.21,9,0.29753008130081304,0.29171056279456614,0.3099702380952381,0.2787938060309698,0.6361989717563956,False,False,False
0.21,10,0.33600487804878054,0.326132520099806,0.36116071428571433,0.29811735941320294,0.7200399145336648,False,False,False
0.21,11,0.3682813008130082,0.3560146936512337,0.4063284632034632,0.31097799511002444,0.79,False,False,False
0.22,1,0.11744065040650406,0.12085666759079568,0.10684523809523809,0.13339853300733498,0.22,False,False,True
0.22,2,0.11672845528455285,0.11963681729969504,0.10777597402597404,0.1302118989405053,0.22669825349877676,True,True,False
0.22,3,0.12747967479674796,0.13155530912115332,0.11658008658008658,0.1438956805215974,0.2548362945280148,False,False,False
0.22,4,0.14403577235772358,0.14772664263931246,0.13521645021645023,0.15731866340668296,0.2940553788789019,False,False,False
0.22,5,0.1672227642276423,0.17057388411422233,0.16018939393939396,0.1778158109209454,0.34748866729612266,False,False,False
0.22,6,0.19221138211382116,0.19499584141946216,0.18608225108225107,0.20144254278728607,0.404193496190807,False,False,False
0.22,7,0.22454308943089432,0.22507346825616856,0.22139610389610392,0.22928280358598205,0.47599851514407493,False,False,False
0.22,8,0.25796422764227644,0.25553645688938176,0.2617099567099567,0.2523227383863081,0.5498098766080052,False,False,False
0.22,9,0.29421463414634147,0.28843914610479626,0.30662878787878795,0.2755175224123879,0.6289902161636172,False,False,False
0.22,10,0.33191219512195125,0.32215691710562794,0.3567911255411256,0.294441727791361,0.711226228998229,False,False,False
0.22,11,0.363619512195122,0.35150817854172445,0.40118506493506495,0.30704156479217604,0.78,False,False,False
0.23,1,0.1227788617886179,0.1263501524812864,0.11170183982683983,0.13946210268948656,0.23,False,False,True
0.23,2,0.12031219512195121,0.12313418353202106,0.11155573593073594,0.13350040749796252,0.23330864593910072,True,True,False
0.23,3,0.12983739837398375,0.13374826725810926,0.11929653679653682,0.14571312143439286,0.25904746959875424,False,False,False
0.23,4,0.1453869918699187,0.14888411422234543,0.13699675324675326,0.15802363488182558,0.29627589400789023,False,False,False
0.23,5,0.16748455284552846,0.1706653728860549,0.1609280303030303,0.177359413202934,0.34754019421907006,False,False,False
0.23,6,0.19148780487804878,0.1941433324092043,0.18583333333333332,0.2000040749796251,0.40227230447280976,False,False,False
0.23,7,0.22287967479674797,0.2233324092043249,0.22010822510822511,0.2270537897310513,0.4721726557236809,False,False,False
0.23,8,0.2554178861788618,0.25297477127807044,0.25933982683982687,0.24951100244498775,0.5441864012653148,False,False,False
0.23,9,0.29089918699186995,0.2851677294150263,0.3032873376623377,0.2722412387938061,0.6217814605708387,False,False,False
0.23,10,0.32781951219512195,0.31818131411144995,0.35242153679653676,0.2907660961695192,0.7024125434627932,False,False,False
0.23,11,0.3589577235772358,0.3470016634322151,0.3960416666666667,0.30310513447432763,0.77,False,False,False
0.24,1,0.1281170731707317,0.1318436373717771,0.11655844155844156,0.14552567237163813,0.24,False,False,False
0.24,2,0.1238959349593496,0.1266315497643471,0.11533549783549783,0.13678891605541973,0.23991903837942466,True,True,True
0.24,3,0.13219512195121952,0.13594122539506515,0.12201298701298702,0.14753056234718825,0.26325864466949367,False,False,False
0.24,4,0.14673821138211382,0.15004158580537844,0.1387770562770563,0.1587286063569682,0.29849640913687864,False,False,False
0.24,5,0.16774634146341466,0.17075686165788742,0.16166666666666665,0.17690301548492257,0.3475917211420174,False,False,False
0.24,6,0.19076422764227643,0.19329082339894652,0.1855844155844156,0.19856560717196414,0.40035111275481255,False,False,False
0.24,7,0.22121626016260162,0.22159135015248127,0.21882034632034633,0.22482477587612062,0.46834679630328674,False,False,False
0.24,8,0.25287154471544715,0.25041308566675907,0.25696969696969696,0.24669926650366752,0.5385629259226246,False,False,False
0.24,9,0.2875837398373984,0.28189631272525645,0.2999458874458874,0.2689649551752241,0.6145727049780602,False,False,False
0.24,10,0.3237268292682927,0.314205711117272,0.34805194805194806,0.2870904645476772,0.6935988579273574,False,False,False
0.24,11,0.3542959349593496,0.3424951483227059,0.3908982683982684,0.2991687041564792,0.76,False,False,False
0.25,1,0.13345528455284553,0.13733712226226782,0.1214150432900433,0.15158924205378974,0.25,False,False,False
0.25,2,0.12747967479674796,0.13012891599667314,0.11911525974025974,0.14007742461287692,0.2465294308197486,True,True,True
0.25,3,0.13455284552845528,0.13813418353202106,0.12472943722943723,0.1493480032599837,0.2674698197402331,False,False,False
0.25,4,0.14808943089430895,0.1511990573884114,0.1405573593073593,0.15943357783211085,0.300716924265867,False,False,False
0.25,5,0.1680081300813008,0.17084835042972,0.16240530303030304,0.17644661776691117,0.3476432480649648,False,False,False
0.25,6,0.19004065040650406,0.19243831438868866,0.18533549783549783,0.19712713936430318,0.3984299210368153,False,False,False
0.25,7,0.21955284552845528,0.21985029110063764,0.21753246753246752,0.22259576202118989,0.46452093688289264,False,False,False
0.25,8,0.2503252032520325,0.24785140005544773,0.2545995670995671,0.2438875305623472,0.5329394505799342,False,False,False
0.25,9,0.2842682926829268,0.27862489603548657,0.29660443722943725,0.2656886715566422,0.6073639493852817,False,False,False
0.25,10,0.3196341463414634,0.310230108123094,0.3436823593073593,0.28341483292583536,0.6847851723919216,False,False,False
0.25,11,0.3496341463414634,0.33798863321319655,0.38575487012987014,0.2952322738386308,0.75,False,False,False
0.26,1,0.13879349593495935,0.14283060715275853,0.126271645021645,0.1576528117359413,0.26,False,False,False
0.26,2,0.13106341463414634,0.13362628222899917,0.12289502164502165,0.14336593317033414,0.25313982326007256,True,True,True
0.26,3,0.13691056910569105,0.140327141668977,0.12744588744588745,0.15116544417277916,0.2716809948109725,False,False,False
0.26,4,0.14944065040650406,0.1523565289714444,0.14233766233766232,0.16013854930725346,0.30293743939485535,False,False,False
0.26,5,0.16826991869918698,0.17093983920155253,0.1631439393939394,0.17599022004889975,0.3476947749879122,False,False,False
0.26,6,0.1893170731707317,0.1915858053784308,0.18508658008658008,0.1956886715566422,0.3965087293188181,False,False,False
0.26,7,0.21788943089430893,0.218109232048794,0.21624458874458874,0.22036674816625915,0.4606950774624986,False,False,False
0.26,8,0.2477788617886179,0.2452897144441364,0.25222943722943725,0.24107579462102685,0.5273159752372438,False,False,False
0.26,9,0.2809528455284553,0.2753534793457167,0.29326298701298703,0.2624123879380603,0.6001551937925033,False,False,False
0.26,10,0.3155414634146341,0.30625450512891594,0.33931277056277054,0.2797392013039935,0.6759714868564859,False,False,False
0.26,11,0.3449723577235772,0.3334821181036872,0.3806114718614719,0.2912958435207824,0.74,False,False,False
0.27,1,0.14413170731707317,0.14832409204324923,0.13112824675324677,0.16371638141809292,0.27,False,False,False
0.27,2,0.1346471544715447,0.13712364846132521,0.12667478354978357,0.14665444172779135,0.2597502157003965,True,True,True
0.27,3,0.13926829268292684,0.14252009980593291,0.13016233766233767,0.1529828850855746,0.27589216988171195,False,False,False
0.27,4,0.15079186991869917,0.15351400055447742,0.14411796536796537,0.1608435207823961,0.3051579545238437,False,False,False
0.27,5,0.16853170731707318,0.17103132797338508,0.16388257575757575,0.17553382233088835,0.3477463019108596,False,False,False
0.27,6,0.18859349593495933,0.19073329636817302,0.18483766233766236,0.19425020374898125,0.3945875376008209,False,False,False
0.27,7,0.2162260162601626,0.21636817299695038,0.21495670995670996,0.2181377343113284,0.45686921804210445,False,False,False
0.27,8,0.24523252032520323,0.24272802883282504,0.24985930735930736,0.23826405867970663,0.5216924998945536,False,False,False
0.27,9,0.27763739837398377,0.27208206265594675,0.28992153679653676,0.25913610431947837,0.5929464381997247,False,False,False
0.27,10,0.31144878048780483,0.302278902134738,0.33494318181818183,0.27606356968215157,0.6671578013210501,False,False,False
0.27,11,0.340310569105691,0.328975602994178,0.3754680735930736,0.28735941320293396,0.73,False,False,False
0.28,1,0.14946991869918702,0.15381757693373996,0.1359848484848485,0.16977995110024452,0.28,False,False,False
0.28,2,0.1382308943089431,0.14062101469365124,0.13045454545454546,0.1499429502852486,0.2663606081407205,True,True,True
0.28,3,0.1416260162601626,0.14471305794288883,0.13287878787878787,0.15480032599837001,0.28010334495245137,False,False,False
0.28,4,0.15214308943089433,0.1546714721375104,0.1458982683982684,0.16154849225753873,0.30737846965283205,False,False,False
0.28,5,0.16879349593495935,0.17112281674521765,0.16462121212121214,0.17507742461287695,0.34779782883380694,False,False,False
0.28,6,0.18786991869918698,0.18988078735791517,0.18458874458874458,0.19281173594132028,0.3926663458828237,False,False,False
0.28,7,0.21456260162601626,0.21462711394510672,0.21366883116883115,0.21590872045639772,0.45304335862171036,False,False,False
0.28,8,0.24268617886178862,0.24016634322151373,0.24748917748917745,0.2354523227383863,0.5160690245518632,False,False,False
0.28,9,0.2743219512195122,0.2688106459661769,0.28658008658008655,0.25585982070089647,0.5857376826069464,False,False,False
0.28,10,0.3073560975609756,0.29830329914056003,0.3305735930735931,0.2723879380603097,0.6583441157856142,False,False,False
0.28,11,0.33564878048780483,0.32446908788466866,0.37032467532467533,0.28342298288508555,0.72,False,False,False
0.29,1,0.15480813008130082,0.15931106182423066,0.1408414502164502,0.17584352078239607,0.29,False,False,False
0.29,2,0.14181463414634143,0.14411838092597726,0.13423430735930736,0.15323145884270578,0.2729710005810444,True,True,True
0.29,3,0.14398373983739834,0.14690601607984474,0.13559523809523807,0.15661776691116544,0.2843145200231908,False,False,False
0.29,4,0.15349430894308944,0.15582894372054337,0.1476785714285714,0.16225346373268132,0.3095989847818204,False,False,False
0.29,5,0.16905528455284555,0.17121430551705016,0.16535984848484847,0.17462102689486553,0.34784935575675435,False,False,False
0.29,6,0.1871463414634146,0.1890282783476573,0.18433982683982683,0.19137326813365932,0.3907451541648264,False,False,False
0.29,7,0.2128991869918699,0.2128860548932631,0.21238095238095236,0.21367970660146696,0.4492174992013162,False,False,False
0.29,8,0.24013983739837397,0.23760465761020239,0.2451190476190476,0.232640586797066,0.510445549209173,False,False,False
0.29,9,0.2710065040650406,0.265539229276407,0.28323863636363633,0.2525835370823146,0.5785289270141678,False,False,False
0.29,10,0.3032634146341463,0.294327696146382,0.3262040043290043,0.2687123064384678,0.6495304302501784,False,False,False
0.29,11,0.3309869918699187,0.31996257277515944,0.36518127705627706,0.27948655256723715,0.71,False,False,False
0.3,1,0.16014634146341464,0.16480454671472136,0.14569805194805194,0.18190709046454767,0.3,False,False,False
0.3,2,0.14539837398373984,0.14761574715830328,0.13801406926406926,0.156519967400163,0.27958139302136836,True,True,True
0.3,3,0.14634146341463414,0.14909897421680066,0.1383116883116883,0.15843520782396087,0.2885256950939302,False,False,False
0.3,4,0.15484552845528454,0.15698641530357638,0.14945887445887446,0.16295843520782397,0.3118194999108088,False,False,False
0.3,5,0.1693170731707317,0.17130579428888273,0.16609848484848483,0.1741646291768541,0.3479008826797017,False,False,False
0.3,6,0.18642276422764228,0.18817576933739946,0.18409090909090908,0.18993480032599835,0.3888239624468292,False,False,False
0.3,7,0.21123577235772356,0.21114499584141946,0.21109307359307358,0.21145069274653625,0.44539163978092217,False,False,False
0.3,8,0.23759349593495932,0.23504297199889104,0.24274891774891777,0.22982885085574567,0.5048220738664826,False,False,False
0.3,9,0.2676910569105691,0.26226781258663706,0.27989718614718617,0.24930725346373267,0.5713201714213892,False,False,False
0.3,10,0.29917073170731706,0.29035209315220406,0.3218344155844156,0.2650366748166259,0.6407167447147426,False,False,False
0.3,11,0.3263252032520325,0.3154560576656501,0.36003787878787874,0.27555012224938874,0.7,False,False,False
0.31,1,0.16548455284552846,0.1702980316052121,0.1505546536796537,0.18797066014669925,0.31,False,False,False
0.31,2,0.1489821138211382,0.15111311339062936,0.14179383116883115,0.15980847595762018,0.2861917854616923,False,True,True
0.31,3,0.14869918699186993,0.1512919323537566,0.14102813852813853,0.16025264873675632,0.29273687016466965,True,False,False
0.31,4,0.15619674796747965,0.15814388688660935,0.1512391774891775,0.16366340668296658,0.31404001503979717,False,False,False
0.31,5,0.16957886178861786,0.17139728306071528,0.16683712121212121,0.1737082314588427,0.3479524096026491,False,False,False
0.31,6,0.1856991869918699,0.18732326032714167,0.18384199134199133,0.1884963325183374,0.38690277072883195,False,False,False
0.31,7,0.2095723577235772,0.2094039367895758,0.20980519480519483,0.20922167889160553,0.44156578036052807,False,False,False
0.31,8,0.2350471544715447,0.2324812863875797,0.24037878787878786,0.22701711491442544,0.4991985985237923,False,False,False
0.31,9,0.2643756097560976,0.2589963958968672,0.2765557359307359,0.24603096984515077,0.5641114158286109,False,False,False
0.31,10,0.2950780487804878,0.286376490158026,0.3174648268398268,0.261361043194784,0.6319030591793068,False,False,False
0.31,11,0.3216634146341463,0.31094954255614077,0.35489448051948047,0.27161369193154034,0.69,False,False,False
0.32,1,0.17082276422764225,0.17579151649570282,0.15541125541125542,0.19403422982885088,0.32,False,False,False
0.32,2,0.1525658536585366,0.15461047962295538,0.14557359307359308,0.16309698451507743,0.2928021779020163,False,False,True
0.32,3,0.1510569105691057,0.1534848904907125,0.14374458874458873,0.16207008964955175,0.2969480452354091,True,True,False
0.32,4,0.15754796747967478,0.15930135846964236,0.1530194805194805,0.1643683781581092,0.3162605301687855,False,False,False
0.32,5,0.16984065040650406,0.17148877183254782,0.16757575757575757,0.17325183374083128,0.3480039365255965,False,False,False
0.32,6,0.18497560975609756,0.18647075131688381,0.18359307359307359,0.18705786471067642,0.38498157901083474,False,False,False
0.32,7,0.20790894308943086,0.20766287773773215,0.208517316017316,0.2069926650366748,0.4377399209401339,False,False,False
0.32,8,0.23250081300813005,0.22991960077626836,0.238008658008658,0.2242053789731051,0.4935751231811019,False,False,False
0.32,9,0.26106016260162596,0.25572497920709725,0.2732142857142857,0.24275468622656884,0.5569026602358323,False,False,False
0.32,10,0.29098536585365853,0.28240088716384804,0.3130952380952381,0.2576854115729421,0.623089373643871,False,False,False
0.32,11,0.31700162601626014,0.30644302744663154,0.3497510822510822,0.26767726161369193,0.6799999999999999,False,False,False
0.33,1,0.1761609756097561,0.1812850013861935,0.16026785714285716,0.20009779951100246,0.33,False,False,False
0.33,2,0.15614959349593496,0.1581078458552814,0.14935335497835497,0.16638549307253464,0.29941257034234026,False,False,True
0.33,3,0.15341463414634146,0.15567784862766842,0.14646103896103893,0.1638875305623472,0.3011592203061485,True,True,False
0.33,4,0.15889918699186992,0.16045883005267536,0.15479978354978355,0.16507334963325182,0.3184810452977739,False,False,False
0.33,5,0.17010243902439023,0.17158026060438036,0.16831439393939393,0.17279543602281988,0.3480554634485439,False,False,False
0.33,6,0.18425203252032518,0.185618242306626,0.18334415584415584,0.1856193969030155,0.38306038729283753,False,False,False
0.33,7,0.20624552845528457,0.20592181868588852,0.2072294372294372,0.20476365118174408,0.4339140615197399,False,False,False
0.33,8,0.2299544715447154,0.22735791516495701,0.23563852813852812,0.22139364303178483,0.4879516478384116,False,False,False
0.33,9,0.25774471544715444,0.25245356251732737,0.2698728354978355,0.23947840260798695,0.5496939046430538,False,False,False
0.33,10,0.28689268292682923,0.27842528416967005,0.30872564935064933,0.2540097799511002,0.6142756881084351,False,False,False
0.33,11,0.31233983739837395,0.3019365123371222,0.34460768398268393,0.26374083129584347,0.6699999999999999,False,False,False
0.34,1,0.18149918699186993,0.18677848627668422,0.1651244588744589,0.20616136919315403,0.34,False,False,False
0.34,2,0.15973333333333334,0.16160521208760745,0.1531331168831169,0.16967400162999186,0.3060229627826642,False,False,False
0.34,3,0.15577235772357723,0.15787080676462437,0.1491774891774892,0.16570497147514263,0.3053703953768879,True,True,True
0.34,4,0.16025040650406502,0.16161630163570836,0.1565800865800866,0.16577832110839447,0.32070156042676223,False,False,False
0.34,5,0.17036422764227638,0.17167174937621293,0.1690530303030303,0.17233903830480848,0.3481069903714913,False,False,False
0.34,6,0.18352845528455286,0.18476573329636817,0.18309523809523806,0.18418092909535452,0.38113919557484033,False,False,False
0.34,7,0.2045821138211382,0.2041807596340449,0.20594155844155843,0.20253463732681337,0.43008820209934573,False,False,False
0.34,8,0.22740813008130076,0.22479622955364567,0.23326839826839824,0.21858190709046454,0.4823281724957213,False,False,False
0.34,9,0.25442926829268286,0.2491821458275575,0.2665313852813852,0.236202118989405,0.5424851490502755,False,False,False
0.34,10,0.28279999999999994,0.27444968117549207,0.3043560606060606,0.2503341483292583,0.6054620025729994,False,False,False
0.34,11,0.30767804878048777,0.29742999722761293,0.33946428571428566,0.25980440097799506,0.6599999999999999,False,False,False
0.35,1,0.18683739837398372,0.19227197116717493,0.1699810606060606,0.2122249388753056,0.35,False,False,False
0.35,2,0.1633170731707317,0.16510257831993347,0.15691287878787877,0.17296251018744907,0.31263335522298813,False,False,False
0.35,3,0.15813008130081302,0.16006376490158028,0.1518939393939394,0.16752241238793808,0.30958157044762735,True,True,True
0.35,4,0.16160162601626016,0.16277377321874134,0.1583603896103896,0.16648329258353708,0.3229220755557506,False,False,False
0.35,5,0.17062601626016258,0.17176323814804545,0.16979166666666665,0.17188264058679706,0.3481585172944387,False,False,False
0.35,6,0.18280487804878048,0.18391322428611034,0.18284632034632034,0.18274246128769356,0.3792180038568431,False,False,False
0.35,7,0.20291869918699187,0.2024397005822013,0.20465367965367967,0.20030562347188263,0.4262623426789517,False,False,False
0.35,8,0.2248617886178862,0.22223454394233436,0.23089826839826838,0.21577017114914426,0.47670469715303104,False,False,False
0.35,9,0.2511138211382114,0.24591072913778764,0.26318993506493504,0.23292583537082315,0.535276393457497,False,False,False
0.35,10,0.2787073170731707,0.27047407818131414,0.2999864718614719,0.24665851670741645,0.5966483170375637,False,False,False
0.35,11,0.30301626016260164,0.2929234821181037,0.33432088744588745,0.2558679706601467,0.65,False,False,False
0.36,1,0.19217560975609754,0.19776545605766563,0.17483766233766232,0.21828850855745718,0.36,False,False,False
0.36,2,0.1669008130081301,0.1685999445522595,0.1606926406926407,0.17625101874490626,0.3192437476633121,False,False,False
0.36,3,0.16048780487804878,0.16225672303853617,0.1546103896103896,0.1693398533007335,0.3137927455183668,True,True,True
0.36,4,0.1629528455284553,0.16393124480177432,0.16014069264069264,0.1671882640586797,0.32514259068473894,False,False,False
0.36,5,0.17088780487804878,0.17185472691987802,0.17053030303030303,0.17142624286878566,0.3482100442173861,False,False,False
0.36,6,0.18208130081300813,0.1830607152758525,0.1825974025974026,0.1813039934800326,0.37729681213884597,False,False,False
0.36,7,0.2012552845528455,0.20069864153035763,0.20336580086580086,0.19807660961695192,0.42243648325855765,False,False,False
0.36,8,0.22231544715447155,0.219672858331023,0.22852813852813852,0.21295843520782398,0.4710812218103407,False,False,False
0.36,9,0.24779837398373986,0.24263931244801776,0.2598484848484849,0.22964955175224122,0.5280676378647186,False,False,False
0.36,10,0.27461463414634146,0.2664984751871361,0.29561688311688317,0.2429828850855746,0.5878346315021279,False,False,False
0.36,11,0.29835447154471545,0.28841696700859437,0.3291774891774892,0.2519315403422983,0.64,False,False,False
0.37,1,0.1975138211382114,0.20325894094815636,0.17969426406926406,0.2243520782396088,0.37,False,False,False
0.37,2,0.17048455284552846,0.17209731078458554,0.1644724025974026,0.17953952730236347,0.32585414010363606,False,False,False
0.37,3,0.16284552845528455,0.1644496811754921,0.15732683982683984,0.17115729421352893,0.3180039205891062,True,True,True
0.37,4,0.1643040650406504,0.1650887163848073,0.1619209956709957,0.16789323553382232,0.3273631058137273,False,False,False
0.37,5,0.17114959349593498,0.17194621569171056,0.1712689393939394,0.17096984515077424,0.34826157114033346,False,False,False
0.37,6,0.18135772357723576,0.1822082062655947,0.18234848484848487,0.17986552567237163,0.3753756204208487,False,False,False
0.37,7,0.19959186991869918,0.198957582478514,0.20207792207792208,0.19584759576202118,0.4186106238381635,False,False,False
0.37,8,0.2197691056910569,0.21711117271971167,0.22615800865800867,0.21014669926650367,0.46545774646765037,False,False,False
0.37,9,0.24448292682926828,0.23936789575824785,0.2565070346320346,0.22637326813365932,0.52085888227194,False,False,False
0.37,10,0.27052195121951217,0.26252287219295817,0.2912472943722944,0.2393072534637327,0.5790209459666921,False,False,False
0.37,11,0.29369268292682926,0.28391045189908515,0.32403409090909097,0.2479951100244499,0.63,False,False,False
0.38,1,0.2028520325203252,0.2087524258386471,0.1845508658008658,0.23041564792176042,0.38,False,False,False
0.38,2,0.17406829268292684,0.17559467701691156,0.16825216450216451,0.18282803585982071,0.33246453254395997,False,False,False
0.38,3,0.16520325203252031,0.166642639312448,0.16004329004329004,0.17297473512632439,0.32221509565984563,True,False,True
0.38,4,0.16565528455284553,0.16624618796784033,0.16370129870129868,0.16859820700896497,0.32958362094271565,False,True,False
0.38,5,0.17141138211382112,0.1720377044635431,0.17200757575757575,0.17051344743276284,0.3483130980632808,False,False,False
0.38,6,0.18063414634146344,0.18135569725533685,0.1820995670995671,0.1784270578647107,0.3734544287028515,False,False,False
0.38,7,0.19792845528455286,0.19721652342667037,0.2007900432900433,0.19361858190709047,0.4147847644177694,False,False,False
0.38,8,0.21722276422764228,0.21454948710840033,0.22378787878787879,0.20733496332518336,0.45983427112496006,False,False,False
0.38,9,0.24116747967479676,0.23609647906847797,0.25316558441558445,0.22309698451507742,0.5136501266791615,False,False,False
0.38,10,0.26642926829268293,0.2585472691987801,0.2868777056277056,0.2356316218418908,0.5702072604312564,False,False,False
0.38,11,0.2890308943089431,0.2794039367895758,0.3188906926406926,0.24405867970660144,0.62,False,False,False
0.39,1,0.20819024390243904,0.21424591072913782,0.18940746753246754,0.236479217603912,0.39,False,False,False
0.39,2,0.1776520325203252,0.17909204324923764,0.1720319264069264,0.18611654441727793,0.33907492498428393,False,False,False
0.39,3,0.1675609756097561,0.16883559744940393,0.16275974025974027,0.17479217603911978,0.32642627073058506,False,False,True
0.39,4,0.16700650406504064,0.1674036595508733,0.16548160173160173,0.16930317848410759,0.331804136071704,True,True,False
0.39,5,0.17167317073170732,0.17212919323537565,0.17274621212121213,0.1700570497147514,0.3483646249862282,False,False,False
0.39,6,0.17991056910569106,0.18050318824507902,0.18185064935064935,0.17698859005704973,0.3715332369848543,False,False,False
0.39,7,0.1962650406504065,0.19547546437482674,0.19950216450216451,0.19138956805215976,0.41095890499737525,False,False,False
0.39,8,0.21467642276422763,0.21198780149708898,0.22141774891774893,0.20452322738386308,0.45421079578226975,False,False,False
0.39,9,0.2378520325203252,0.23282506237870806,0.24982413419913418,0.21982070089649555,0.5064413710863831,False,False,False
0.39,10,0.2623365853658537,0.25457166620460214,0.2825081168831169,0.23195599022004887,0.5613935748958205,False,False,False
0.39,11,0.2843691056910569,0.27489742168006653,0.31374729437229437,0.24012224938875304,0.61,False,False,False
0.4,1,0.21352845528455286,0.21973939561962852,0.19426406926406928,0.2425427872860636,0.4,False,False,False
0.4,2,0.1812357723577236,0.18258940948156363,0.17581168831168834,0.18940505297473514,0.3456853174246079,False,False,False
0.4,3,0.16991869918699187,0.17102855558635985,0.16547619047619047,0.17660961695191527,0.3306374458013245,False,False,True
0.4,4,0.16835772357723577,0.1685611311339063,0.16726190476190478,0.1700081499592502,0.33402465120069236,True,True,False
0.4,5,0.17193495934959352,0.17222068200720822,0.1734848484848485,0.16960065199674,0.34841615190917563,False,False,False
0.4,6,0.1791869918699187,0.17965067923482117,0.18160173160173163,0.17555012224938876,0.3696120452668571,False,False,False
0.4,7,0.19460162601626016,0.19373440532298308,0.19821428571428568,0.18916055419722902,0.4071330455769812,False,False,False
0.4,8,0.21213008130081298,0.20942611588577764,0.21904761904761905,0.20171149144254277,0.4485873204395794,False,False,False
0.4,9,0.23453658536585364,0.22955364568893818,0.24648268398268397,0.2165444172779136,0.4992326154936046,False,False,False
0.4,10,0.2582439024390244,0.25059606321042416,0.27813852813852813,0.22828035859820703,0.5525798893603847,False,False,False
0.4,11,0.27970731707317076,0.27039090657055725,0.3086038961038961,0.23618581907090466,0.6,False,False,False
0.41,1,0.21886666666666665,0.2252328805101192,0.199120670995671,0.24860635696821512,0.41,False,False,False
0.41,2,0.18481951219512194,0.18608677571388968,0.1795914502164502,0.19269356153219233,0.35229570986493186,False,False,False
0.41,3,0.17227642276422764,0.17322151372331576,0.1681926406926407,0.1784270578647107,0.33484862087206385,False,False,True
0.41,4,0.1697089430894309,0.16971860271693928,0.16904220779220777,0.17071312143439282,0.3362451663296807,True,True,False
0.41,5,0.17219674796747972,0.17231217077904074,0.17422348484848488,0.16914425427872862,0.34846767883212304,False,False,False
0.41,6,0.17846341463414633,0.17879817022456337,0.18135281385281388,0.1741116544417278,0.3676908535488599,False,False,False
0.41,7,0.19293821138211384,0.19199334627113948,0.19692640692640692,0.1869315403422983,0.40330718615658717,False,False,False
0.41,8,0.2095837398373984,0.20686443027446633,0.21667748917748922,0.1988997555012225,0.44296384509688913,False,False,False
0.41,9,0.23122113821138215,0.22628222899916833,0.2431412337662338,0.21326813365933175,0.4920238599008262,False,False,False
0.41,10,0.25415121951219516,0.24662046021624623,0.2737689393939394,0.22460472697636513,0.5437662038249489,False,False,False
0.41,11,0.27504552845528457,0.26588439146104803,0.3034604978354979,0.23224938875305626,0.5900000000000001,False,False,False
0.42,1,0.22420487804878048,0.23072636540060992,0.20397727272727273,0.2546699266503667,0.42,False,False,False
0.42,2,0.18840325203252034,0.1895841419462157,0.1833712121212121,0.19598207008964955,0.35890610230525577,False,False,False
0.42,3,0.1746341463414634,0.1754144718602717,0.17090909090909093,0.18024449877750615,0.33905979594280333,False,False,False
0.42,4,0.17106016260162601,0.17087607429997229,0.17082251082251082,0.17141809290953547,0.33846568145866907,True,True,True
0.42,5,0.17245853658536586,0.1724036595508733,0.17496212121212124,0.16868785656071722,0.34851920575507045,False,False,False
0.42,6,0.177739837398374,0.17794566121430552,0.1811038961038961,0.17267318663406683,0.3657696618308627,False,False,False
0.42,7,0.1912747967479675,0.19025228721929585,0.19563852813852814,0.1847025264873676,0.399481326736193,False,False,False
0.42,8,0.20703739837398377,0.20430274466315498,0.2143073593073593,0.1960880195599022,0.4373403697541988,False,False,False
0.42,9,0.22790569105691058,0.22301081230939843,0.23979978354978357,0.20999185004074983,0.48481510430804775,False,False,False
0.42,10,0.25005853658536586,0.24264485722206824,0.26939935064935067,0.22092909535452326,0.5349525182895131,False,False,False
0.42,11,0.2703837398373984,0.2613778763515387,0.2983170995670996,0.22831295843520785,0.5800000000000001,False,False,False
0.43,1,0.22954308943089433,0.23621985029110062,0.20883387445887447,0.26073349633251836,0.43,False,False,False
0.43,2,0.19198699186991872,0.1930815081785417,0.18715097402597403,0.19927057864710676,0.3655164947455798,False,False,False
0.43,3,0.1769918699186992,0.17760742999722762,0.17362554112554113,0.18206193969030157,0.3432709710135427,False,False,False
0.43,4,0.17241138211382112,0.17203354588300526,0.17260281385281387,0.17212306438467806,0.3406861965876574,True,True,True
0.43,5,0.17272032520325203,0.17249514832270588,0.17570075757575757,0.1682314588427058,0.3485707326780178,False,False,False
0.43,6,0.17701626016260164,0.1770931522040477,0.18085497835497838,0.1712347188264059,0.3638484701128654,False,False,False
0.43,7,0.18961138211382117,0.18851122816745222,0.19435064935064936,0.18247351263243686,0.3956554673157989,False,False,False
0.43,8,0.20449105691056912,0.20174105905184367,0.21193722943722945,0.1932762836185819,0.4317168944115085,False,False,False
0.43,9,0.22459024390243906,0.21973939561962855,0.23645833333333338,0.2067155664221679,0.4776063487152692,False,False,False
0.43,10,0.2459658536585366,0.23866925422789023,0.2650297619047619,0.21725346373268134,0.5261388327540774,False,False,False
0.43,11,0.26572195121951225,0.2568713612420294,0.29317370129870135,0.22437652811735942,0.5700000000000001,False,False,False
0.44,1,0.23488130081300812,0.24171333518159135,0.21369047619047618,0.26679706601466996,0.44,False,False,False
0.44,2,0.19557073170731706,0.19657887441086777,0.19093073593073595,0.202559087204564,0.3721268871859037,False,False,False
0.44,3,0.17934959349593496,0.17980038813418353,0.17634199134199133,0.183879380603097,0.3474821460842822,False,False,False
0.44,4,0.17376260162601628,0.17319101746603827,0.1743831168831169,0.1728280358598207,0.34290671171664583,False,False,True
0.44,5,0.17298211382113823,0.1725866370945384,0.17643939393939395,0.1677750611246944,0.34862225960096516,True,True,False
0.44,6,0.17629268292682929,0.17624064319378988,0.1806060606060606,0.16979625101874493,0.3619272783948682,False,False,False
0.44,7,0.18794796747967482,0.18677016911560856,0.19306277056277055,0.18024449877750615,0.39182960789540483,False,False,False
0.44,8,0.20194471544715448,0.19917937344053233,0.2095670995670996,0.19046454767726162,0.42609341906881815,False,False,False
0.44,9,0.22127479674796746,0.21646797892985864,0.2331168831168831,0.203439282803586,0.47039759312249074,False,False,False
0.44,10,0.2418731707317073,0.23469365123371225,0.2606601731601732,0.2135778321108395,0.5173251472186415,False,False,False
0.44,11,0.26106016260162607,0.25236484613252014,0.2880303030303031,0.22044009779951101,0.56,False,False,False
0.45,1,0.24021951219512197,0.24720682007208208,0.21854707792207792,0.2728606356968215,0.45,False,False,False
0.45,2,0.19915447154471547,0.20007624064319382,0.19471049783549782,0.2058475957620212,0.3787372796262277,False,False,False
0.45,3,0.18170731707317073,0.18199334627113947,0.17905844155844158,0.18569682151589242,0.3516933211550216,False,False,False
0.45,4,0.1751138211382114,0.17434848904907124,0.1761634199134199,0.17353300733496332,0.3451272268456342,False,False,True
0.45,5,0.17324390243902443,0.17267812586637096,0.1771780303030303,0.16731866340668297,0.34867378652391257,True,True,False
0.45,6,0.1755691056910569,0.17538813418353202,0.18035714285714285,0.16835778321108397,0.360006086676871,False,False,False
0.45,7,0.18628455284552847,0.1850291100637649,0.1917748917748918,0.1780154849225754,0.38800374847501073,False,False,False
0.45,8,0.19939837398373986,0.19661768782922098,0.20719696969696969,0.1876528117359413,0.42046994372612784,False,False,False
0.45,9,0.21795934959349594,0.21319656224008876,0.22977543290043292,0.2001629991850041,0.4631888375297123,False,False,False
0.45,10,0.23778048780487807,0.2307180482395343,0.2562905844155844,0.20990220048899758,0.5085114616832057,False,False,False
0.45,11,0.2563983739837399,0.24785833102301083,0.2828869047619048,0.2165036674816626,0.55,False,False,False
0.46,1,0.2455577235772358,0.2527003049625728,0.22340367965367966,0.2789242053789731,0.46,False,False,False
0.46,2,0.20273821138211381,0.2035736068755198,0.19849025974025974,0.2091361043194784,0.3853476720665516,False,False,False
0.46,3,0.1840650406504065,0.18418630440809539,0.18177489177489178,0.18751426242868788,0.355904496225761,False,False,False
0.46,4,0.1764650406504065,0.17550596063210427,0.17794372294372296,0.17423797881010597,0.34734774197462254,False,False,True
0.46,5,0.17350569105691055,0.1727696146382035,0.17791666666666667,0.16686226568867157,0.34872531344686,True,True,False
0.46,6,0.1748455284552846,0.1745356251732742,0.18010822510822513,0.16691931540342297,0.35808489495887375,False,False,False
0.46,7,0.18462113821138212,0.18328805101192128,0.19048701298701298,0.1757864710676447,0.3841778890546167,False,False,False
0.46,8,0.1968520325203252,0.19405600221790964,0.20482683982683986,0.18484107579462103,0.4148464683834375,False,False,False
0.46,9,0.21464390243902443,0.20992514555031883,0.2264339826839827,0.19688671556642218,0.4559800819369338,False,False,False
0.46,10,0.23368780487804883,0.22674244524535625,0.2519209956709957,0.20622656886715568,0.49969777614776995,False,False,False
0.46,11,0.2517365853658537,0.24335181591350155,0.2777435064935065,0.21256723716381418,0.54,False,False,False
0.47,1,0.2508959349593496,0.25819378985306346,0.22826028138528137,0.2849877750611247,0.47,False,False,False
0.47,2,0.2063219512195122,0.20707097310784583,0.20227002164502164,0.2124246128769356,0.39195806450687554,False,False,False
0.47,3,0.18642276422764228,0.18637926254505127,0.18449134199134196,0.1893317033414833,0.36011567129650046,False,False,False
0.47,4,0.1778162601626016,0.17666343221513725,0.17972402597402598,0.17494295028524856,0.3495682571036109,False,False,False
0.47,5,0.17376747967479675,0.17286110341003605,0.17865530303030303,0.16640586797066015,0.3487768403698074,True,True,True
0.47,6,0.1741219512195122,0.17368311616301638,0.17985930735930736,0.16548084759576204,0.35616370324087654,False,False,False
0.47,7,0.18295772357723578,0.18154699196007765,0.1891991341991342,0.17355745721271396,0.38035202963422254,False,False,False
0.47,8,0.19430569105691056,0.1914943166065983,0.20245670995670997,0.18202933985330072,0.4092229930407472,False,False,False
0.47,9,0.21132845528455285,0.20665372886054892,0.2230925324675325,0.19361043194784025,0.4487713263441553,False,False,False
0.47,10,0.22959512195121956,0.2227668422511783,0.24755140692640693,0.2025509372453138,0.4908840906123341,False,False,False
0.47,11,0.24707479674796748,0.23884530080399227,0.2726001082251083,0.20863080684596577,0.53,False,False,False
0.48,1,0.2562341463414634,0.2636872747435542,0.2331168831168831,0.29105134474327626,0.48,False,False,False
0.48,2,0.2099056910569106,0.21056833934017188,0.20604978354978357,0.21571312143439283,0.3985684569471995,False,False,False
0.48,3,0.18878048780487805,0.18857222068200719,0.18720779220779224,0.1911491442542787,0.36432684636723983,False,False,False
0.48,4,0.17916747967479674,0.17782090379817023,0.181504329004329,0.17564792176039118,0.35178877223259925,False,False,False
0.48,5,0.17402926829268292,0.1729525921818686,0.17939393939393938,0.16594947025264875,0.34882836729275474,False,False,True
0.48,6,0.17339837398373986,0.17283060715275853,0.1796103896103896,0.16404237978810107,0.35424251152287933,True,True,False
0.48,7,0.18129430894308943,0.17980593290823396,0.18791125541125542,0.17132844335778324,0.37652617021382845,False,False,False
0.48,8,0.19175934959349591,0.18893263099528695,0.2000865800865801,0.17921760391198044,0.40359951769805685,False,False,False
0.48,9,0.2080130081300813,0.20338231217077904,0.21975108225108225,0.19033414832925835,0.44156257075137684,False,False,False
0.48,10,0.22550243902439027,0.2187912392570003,0.2431818181818182,0.1988753056234719,0.48207040507689836,False,False,False
0.48,11,0.24241300813008132,0.23433878569448294,0.26745670995670995,0.20469437652811737,0.52,False,False,False
0.49,1,0.26157235772357723,0.2691807596340449,0.23797348484848482,0.29711491442542787,0.49,False,False,False
0.49,2,0.2134894308943089,0.2140657055724979,0.20982954545454544,0.21900162999185002,0.40517884938752347,False,False,False
0.49,3,0.19113821138211382,0.19076517881896313,0.18992424242424244,0.19296658516707418,0.36853802143797926,False,False,False
0.49,4,0.18051869918699187,0.17897837538120323,0.18328463203463205,0.17635289323553383,0.3540092873615876,False,False,False
0.49,5,0.17429105691056912,0.17304408095370113,0.18013257575757574,0.16549307253463733,0.3488798942157021,False,False,True
0.49,6,0.17267479674796746,0.1719780981425007,0.17936147186147186,0.1626039119804401,0.3523213198048821,True,True,False
0.49,7,0.17963089430894308,0.17806487385639033,0.1866233766233766,0.16909942950285248,0.3727003107934343,False,False,False
0.49,8,0.18921300813008132,0.1863709453839756,0.1977164502164502,0.17640586797066013,0.39797604235536654,False,False,False
0.49,9,0.20469756097560973,0.20011089548100913,0.21640963203463204,0.18705786471067645,0.43435381515859833,False,False,False
0.49,10,0.221409756097561,0.2148156362628223,0.23881222943722943,0.19519967400163002,0.47325671954146253,False,False,False
0.49,11,0.23775121951219513,0.22983227058497366,0.2623133116883117,0.20075794621026896,0.51,False,False,False
0.5,1,0.26691056910569105,0.27467424452453565,0.2428300865800866,0.30317848410757947,0.5,False,False,False
0.5,2,0.21707317073170732,0.21756307180482395,0.21360930735930736,0.22229013854930726,0.41178924182784743,False,False,False
0.5,3,0.19349593495934958,0.19295813695591904,0.19264069264069264,0.1947840260798696,0.3727491965087187,False,False,False
0.5,4,0.181869918699187,0.1801358469642362,0.18506493506493507,0.17705786471067644,0.35622980249057595,False,False,False
0.5,5,0.1745528455284553,0.17313556972553368,0.18087121212121213,0.16503667481662593,0.3489314211386495,False,False,True
0.5,6,0.1719512195121951,0.17112558913224285,0.1791125541125541,0.16116544417277914,0.3504001280868849,True,True,False
0.5,7,0.17796747967479676,0.1763238148045467,0.18533549783549783,0.16687041564792177,0.3688744513730402,False,False,False
0.5,8,0.18666666666666668,0.18380925977266427,0.19534632034632035,0.17359413202933985,0.39235256701267623,False,False,False
0.5,9,0.20138211382113821,0.19683947879123925,0.21306818181818182,0.18378158109209453,0.4271450595658199,False,False,False
0.5,10,0.2173170731707317,0.2108400332686443,0.2344426406926407,0.1915240423797881,0.4644430340060267,False,False,False
0.5,11,0.23308943089430895,0.22532575547546438,0.2571699134199134,0.19682151589242053,0.5,False,False,False
0.51,1,0.2722487804878049,0.2801677294150264,0.24768668831168833,0.3092420537897311,0.51,False,False,False
0.51,2,0.22065691056910572,0.22106043803714998,0.21738906926406928,0.22557864710676448,0.41839963426817134,False,False,False
0.51,3,0.19585365853658537,0.19515109509287495,0.19535714285714284,0.19660146699266504,0.37696037157945816,False,False,False
0.51,4,0.1832211382113821,0.18129331854726918,0.18684523809523806,0.1777628361858191,0.3584503176195643,False,False,False
0.51,5,0.17481463414634144,0.17322705849736625,0.18160984848484849,0.1645802770986145,0.3489829480615969,False,False,False
0.51,6,0.1712276422764228,0.17027308012198503,0.17886363636363636,0.15972697636511815,0.34847893636888766,True,True,True
0.51,7,0.1763040650406504,0.17458275575270307,0.18404761904761904,0.16464140179299105,0.36504859195264616,False,False,False
0.51,8,0.18412032520325203,0.18124757416135293,0.19297619047619047,0.17078239608801957,0.38672909166998587,False,False,False
0.51,9,0.1980666666666667,0.19356806210146937,0.2097267316017316,0.18050529747351263,0.4199363039730414,False,False,False
0.51,10,0.21322439024390244,0.2068644302744663,0.23007305194805194,0.1878484107579462,0.45562934847059094,False,False,False
0.51,11,0.22842764227642276,0.2208192403659551,0.25202651515151514,0.19288508557457212,0.49,False,False,False
0.52,1,0.2775869918699187,0.28566121430551705,0.25254329004329,0.3153056234718826,0.52,False,False,False
0.52,2,0.22424065040650407,0.22455780426947602,0.22116883116883115,0.22886715566422167,0.42501002670849536,False,False,False
0.52,3,0.19821138211382114,0.1973440532298309,0.19807359307359304,0.1984189079054605,0.3811715466501976,False,False,False
0.52,4,0.18457235772357725,0.1824507901303022,0.1886255411255411,0.1784678076609617,0.3606708327485527,False,False,False
0.52,5,0.17507642276422763,0.17331854726919876,0.18234848484848487,0.1641238793806031,0.34903447498454426,False,False,False
0.52,6,0.17050406504065038,0.1694205711117272,0.17861471861471861,0.1582885085574572,0.34655774465089045,True,True,True
0.52,7,0.17464065040650406,0.17284169670085944,0.18275974025974026,0.1624123879380603,0.361222732532252,False,False,False
0.52,8,0.1815739837398374,0.17868588855004158,0.1906060606060606,0.16797066014669926,0.38110561632729556,False,False,False
0.52,9,0.19475121951219512,0.19029664541169947,0.20638528138528137,0.17722901385493073,0.4127275483802629,False,False,False
0.52,10,0.20913170731707315,0.20288882728028831,0.22570346320346318,0.1841727791361043,0.4468156629351551,False,False,False
0.52,11,0.22376585365853657,0.2163127252564458,0.2468831168831169,0.18894865525672372,0.48,False,False,False
0.53,1,0.2829252032520325,0.2911546991960078,0.25739989177489175,0.3213691931540342,0.53,False,False,False
0.53,2,0.22782439024390247,0.22805517050180205,0.22494859307359308,0.2321556642216789,0.43162041914881927,False,False,False
0.53,3,0.2005691056910569,0.1995370113667868,0.20079004329004332,0.20023634881825592,0.38538272172093696,False,False,False
0.53,4,0.18592357723577238,0.18360826171333516,0.19040584415584416,0.17917277913610433,0.36289134787754107,False,False,False
0.53,5,0.1753382113821138,0.17341003604103133,0.18308712121212123,0.16366748166259168,0.3490860019074916,False,False,False
0.53,6,0.16978048780487803,0.16856806210146935,0.17836580086580087,0.15685004074979625,0.3446365529328932,True,True,True
0.53,7,0.1729772357723577,0.17110063764901579,0.18147186147186148,0.16018337408312958,0.35739687311185797,False,False,False
0.53,8,0.17902764227642276,0.17612420293873024,0.1882359307359307,0.16515892420537898,0.3754821409846052,False,False,False
0.53,9,0.19143577235772358,0.1870252287219296,0.20304383116883115,0.17395273023634883,0.40551879278748443,False,False,False
0.53,10,0.20503902439024388,0.1989132242861103,0.22133387445887445,0.1804971475142624,0.43800197739971936,False,False,False
0.53,11,0.21910406504065041,0.21180621014693649,0.2417397186147186,0.18501222493887529,0.47,False,False,False
0.54,1,0.28826341463414634,0.29664818408649846,0.26225649350649355,0.32743276283618583,0.54,False,False,False
0.54,2,0.23140813008130082,0.2315525367341281,0.228728354978355,0.2354441727791361,0.4382308115891433,False,False,False
0.54,3,0.2029268292682927,0.20172996950374275,0.20350649350649352,0.20205378973105137,0.3895938967916764,False,False,False
0.54,4,0.1872747967479675,0.1847657332963682,0.19218614718614718,0.17987775061124694,0.3651118630065294,False,False,False
0.54,5,0.1756,0.17350152481286385,0.1838257575757576,0.16321108394458028,0.349137528830439,False,False,False
0.54,6,0.1690569105691057,0.16771555309121156,0.1781168831168831,0.15541157294213528,0.34271536121489604,True,True,True
0.54,7,0.17131382113821136,0.16935957859717216,0.1801839826839827,0.15795436022819884,0.3535710136914638,False,False,False
0.54,8,0.1764813008130081,0.1735625173274189,0.18586580086580085,0.16234718826405867,0.36985866564191494,False,False,False
0.54,9,0.188120325203252,0.18375381203215968,0.19970238095238094,0.1706764466177669,0.398310037194706,False,False,False
0.54,10,0.20094634146341459,0.19493762129193234,0.21696428571428572,0.1768215158924205,0.42918829186428353,False,False,False
0.54,11,0.21444227642276423,0.2072996950374272,0.23659632034632033,0.18107579462102688,0.45999999999999996,False,False,False
0.55,1,0.29360162601626016,0.3021416689769892,0.2671130952380953,0.33349633251833743,0.55,False,False,False
0.55,2,0.2349918699186992,0.23504990296645412,0.23250811688311693,0.23873268133659334,0.4448412040294672,False,False,False
0.55,3,0.20528455284552846,0.20392292764069866,0.20622294372294372,0.2038712306438468,0.39380507186241587,False,False,False
0.55,4,0.1886260162601626,0.18592320487940117,0.19396645021645023,0.18058272208638956,0.3673323781355178,False,False,False
0.55,5,0.17586178861788618,0.17359301358469642,0.18456439393939397,0.16275468622656886,0.34918905575338643,False,False,False
0.55,6,0.16833333333333333,0.1668630440809537,0.17786796536796537,0.15397310513447432,0.3407941694968988,True,True,True
0.55,7,0.16965040650406502,0.1676185195453285,0.17889610389610391,0.15572534637326813,0.3497451542710697,False,False,False
0.55,8,0.1739349593495935,0.17100083171610755,0.18349567099567102,0.15953545232273839,0.3642351902992246,False,False,False
0.55,9,0.18480487804878049,0.18048239534238977,0.1963609307359307,0.16740016299918498,0.3911012816019275,False,False,False
0.55,10,0.19685365853658535,0.19096201829775433,0.21259469696969696,0.17314588427057861,0.42037460632884777,False,False,False
0.55,11,0.209780487804878,0.2027931799279179,0.23145292207792206,0.17713936430317845,0.44999999999999996,False,False,False
0.56,1,0.29893983739837404,0.3076351538674799,0.271969696969697,0.33955990220048904,0.56,False,False,False
0.56,2,0.23857560975609757,0.23854726919878017,0.2362878787878788,0.24202118989405055,0.4514515964697912,False,False,False
0.56,3,0.20764227642276423,0.20611588577765458,0.20893939393939395,0.20568867155664225,0.3980162469331553,False,False,False
0.56,4,0.18997723577235776,0.18708067646243415,0.19574675324675325,0.18128769356153218,0.36955289326450613,False,False,False
0.56,5,0.17612357723577232,0.17368450235652896,0.18530303030303033,0.16229828850855746,0.34924058267633384,False,False,False
0.56,6,0.16760975609756096,0.16601053507069585,0.17761904761904762,0.15253463732681335,0.3388729777789016,True,False,True
0.56,7,0.1679869918699187,0.16587746049348487,0.1776082251082251,0.1534963325183374,0.34591929485067563,False,True,False
0.56,8,0.17138861788617885,0.1684391461047962,0.1811255411255411,0.15672371638141808,0.35861171495653427,False,False,False
0.56,9,0.1814894308943089,0.1772109786526199,0.1930194805194805,0.16412387938060308,0.38389252600914897,False,False,False
0.56,10,0.1927609756097561,0.18698641530357635,0.2082251082251082,0.16947025264873672,0.4115609207934119,False,False,False
0.56,11,0.20511869918699183,0.19828666481840862,0.2263095238095238,0.17320293398533007,0.43999999999999995,False,False,False
0.57,1,0.3042780487804878,0.3131286387579706,0.27682629870129866,0.3456234718826406,0.57,False,False,False
0.57,2,0.24215934959349594,0.24204463543110616,0.2400676406926407,0.24530969845150774,0.458061988910115,False,False,False
0.57,3,0.21,0.2083088439146105,0.21165584415584415,0.20750611246943768,0.4022274220038946,False,False,False
0.57,4,0.19132845528455283,0.18823814804546715,0.19752705627705627,0.18199266503667483,0.37177340839349443,False,False,False
0.57,5,0.17638536585365852,0.1737759911283615,0.18604166666666666,0.16184189079054603,0.3492921095992812,False,False,False
0.57,6,0.1668861788617886,0.16515802606043806,0.17737012987012984,0.15109616951915242,0.33695178606090437,False,False,True
0.57,7,0.16632357723577235,0.16413640144164127,0.17632034632034635,0.1512673186634067,0.3420934354302816,True,True,False
0.57,8,0.16884227642276425,0.1658774604934849,0.17875541125541128,0.15391198044009782,0.352988239613844,False,False,False
0.57,9,0.1781739837398374,0.17393956196285004,0.18967803030303032,0.1608475957620212,0.3766837704163706,False,False,False
0.57,10,0.18866829268292687,0.1830108123093984,0.2038555194805195,0.16579462102689488,0.4027472352579762,False,False,False
0.57,11,0.20045691056910572,0.19378014970889937,0.22116612554112555,0.1692665036674817,0.43000000000000005,False,False,False
0.58,1,0.30961626016260163,0.3186221236484613,0.2816829004329004,0.35168704156479214,0.58,False,False,False
0.58,2,0.24574308943089426,0.24554200166343218,0.2438474025974026,0.24859820700896493,0.46467238135043903,False,False,False
0.58,3,0.21235772357723573,0.21050180205156638,0.21437229437229438,0.20932355338223307,0.4064385970746341,False,False,False
0.58,4,0.19267967479674797,0.18939561962850013,0.1993073593073593,0.18269763651181745,0.37399392352248284,False,False,False
0.58,5,0.17664715447154472,0.17386747990019405,0.18678030303030305,0.16138549307253464,0.3493436365222286,False,False,False
0.58,6,0.16616260162601626,0.16430551705018023,0.17712121212121212,0.14965770171149143,0.33503059434290716,False,False,True
0.58,7,0.16466016260162603,0.1623953423897976,0.17503246753246754,0.14903830480847596,0.3382675760098875,True,True,False
0.58,8,0.1662959349593496,0.16331577488217355,0.1763852813852814,0.15110024449877754,0.3473647642711537,False,False,False
0.58,9,0.17485853658536588,0.17066814527308014,0.1863365800865801,0.1575713121434393,0.36947501482359213,False,False,False
0.58,10,0.18457560975609758,0.17903520931522043,0.19948593073593077,0.16211898940505298,0.3939335497225404,False,False,False
0.58,11,0.19579512195121954,0.1892736345993901,0.21602272727272728,0.16533007334963326,0.42000000000000004,False,False,False
0.59,1,0.3149544715447154,0.32411560853895205,0.28653950216450214,0.35775061124694374,0.59,False,False,False
0.59,2,0.24932682926829267,0.24903936789575823,0.24762716450216452,0.25188671556642217,0.47128277379076294,False,False,False
0.59,3,0.21471544715447155,0.21269476018852232,0.21708874458874458,0.21114099429502853,0.4106497721453735,False,False,False
0.59,4,0.19403089430894307,0.19055309121153313,0.20108766233766234,0.18340260798696006,0.3762144386514712,False,False,False
0.59,5,0.1769089430894309,0.17395896867202662,0.18751893939393938,0.16092909535452324,0.34939516344517596,False,False,False
0.59,6,0.1654390243902439,0.16345300803992238,0.17687229437229438,0.1482192339038305,0.33310940262490996,False,False,True
0.59,7,0.16299674796747968,0.16065428333795398,0.17374458874458873,0.14680929095354525,0.3344417165894934,True,True,False
0.59,8,0.16374959349593496,0.1607540892708622,0.17401515151515154,0.14828850855745723,0.34174128892846334,False,False,False
0.59,9,0.1715430894308943,0.16739672858331023,0.18299512987012986,0.15429502852485738,0.36226625923081357,False,False,False
0.59,10,0.1804829268292683,0.17505960632104242,0.19511634199134198,0.1584433577832111,0.3851198641871046,False,False,False
0.59,11,0.19113333333333335,0.1847671194898808,0.210879329004329,0.16139364303178486,0.41000000000000003,False,False,False
0.6,1,0.3202926829268293,0.3296090934294427,0.2913961038961039,0.36381418092909534,0.6,False,False,False
0.6,2,0.2529105691056911,0.25253673412808425,0.2514069264069264,0.25517522412387933,0.47789316623108696,False,False,False
0.6,3,0.21707317073170732,0.21488771832547823,0.2198051948051948,0.21295843520782393,0.41486094721611294,False,False,False
0.6,4,0.1953821138211382,0.1917105627945661,0.20286796536796536,0.18410757946210268,0.37843495378045955,False,False,False
0.6,5,0.17717073170731706,0.17405045744385916,0.18825757575757573,0.1604726976365118,0.34944669036812337,False,False,False
0.6,6,0.16471544715447153,0.16260049902966453,0.1766233766233766,0.14678076609616955,0.33118821090691275,False,False,False
0.6,7,0.16133333333333333,0.15891322428611035,0.17245670995670997,0.14458027709861448,0.33061585716909925,False,False,True
0.6,8,0.16120325203252034,0.15819240365955087,0.17164502164502163,0.14547677261613695,0.33611781358577303,True,True,False
0.6,9,0.16822764227642278,0.16412531189354035,0.17965367965367965,0.15101874490627548,0.3550575036380351,False,False,False
0.6,10,0.17639024390243901,0.17108400332686444,0.19074675324675325,0.1547677261613692,0.3763061786516688,False,False,False
0.6,11,0.18647154471544714,0.1802606043803715,0.20573593073593077,0.15745721271393645,0.4,False,False,False
0.61,1,0.3256308943089431,0.33510257831993345,0.2962527056277056,0.36987775061124695,0.61,False,False,False
0.61,2,0.25649430894308944,0.2560341003604103,0.2551866883116883,0.2584637326813366,0.48450355867141087,False,False,False
0.61,3,0.21943089430894305,0.21708067646243415,0.222521645021645,0.2147758761206194,0.4190721222868523,False,False,False
0.61,4,0.19673333333333334,0.1928680343775991,0.20464826839826838,0.1848125509372453,0.3806554689094479,False,False,False
0.61,5,0.17743252032520326,0.1741419462156917,0.18899621212121212,0.1600162999185004,0.3494982172910708,False,False,False
0.61,6,0.16399186991869918,0.1617479900194067,0.17637445887445888,0.14534229828850856,0.32926701918891554,False,False,False
0.61,7,0.159669918699187,0.1571721652342667,0.1711688311688312,0.14235126324368377,0.32678999774870515,False,False,True
0.61,8,0.1586569105691057,0.15563071804823952,0.1692748917748918,0.14266503667481664,0.3304943382430827,True,True,False
0.61,9,0.16491219512195124,0.16085389520377047,0.17631222943722946,0.14774246128769356,0.3478487480452567,False,False,False
0.61,10,0.17229756097560978,0.16710840033268645,0.18637716450216452,0.1510920945395273,0.367492493116233,False,False,False
0.61,11,0.181809756097561,0.17575408927086222,0.20059253246753248,0.15352078239608802,0.39,False,False,False
0.62,1,0.3309691056910569,0.3405960632104242,0.3011093073593074,0.3759413202933985,0.62,False,False,False
0.62,2,0.2600780487804878,0.25953146659273635,0.2589664502164502,0.2617522412387938,0.4911139511117349,False,False,False
0.62,3,0.22178861788617887,0.2192736345993901,0.2252380952380952,0.21659331703341483,0.4232832973575918,False,False,False
0.62,4,0.19808455284552845,0.19402550596063212,0.2064285714285714,0.18551752241238795,0.3828759840384363,False,False,False
0.62,5,0.17769430894308946,0.17423343498752428,0.18973484848484848,0.159559902200489,0.3495497442140182,False,False,False
0.62,6,0.16326829268292684,0.16089548100914888,0.17612554112554113,0.1439038304808476,0.32734582747091834,False,False,False
0.62,7,0.15800650406504066,0.15543110618242306,0.16988095238095238,0.14012224938875306,0.32296413832831106,False,False,True
0.62,8,0.15611056910569104,0.1530690324369282,0.16690476190476192,0.13985330073349636,0.3248708629003924,True,True,False
0.62,9,0.16159674796747966,0.15758247851400053,0.17297077922077922,0.14446617766911166,0.34063999245247817,False,False,False
0.62,10,0.16820487804878048,0.16313279733850847,0.18200757575757576,0.1474164629176854,0.3586788075807972,False,False,False
0.62,11,0.1771479674796748,0.17124757416135294,0.1954491341991342,0.1495843520782396,0.38,False,False,False
0.63,1,0.33630731707317074,0.3460895481009149,0.3059659090909091,0.38200488997555015,0.63,False,False,False
0.63,2,0.2636617886178862,0.2630288328250624,0.26274621212121213,0.26504074979625103,0.4977243435520588,False,False,False
0.63,3,0.22414634146341464,0.22146659273634597,0.2279545454545455,0.2184107579462103,0.4274944724283312,False,False,False
0.63,4,0.19943577235772358,0.1951829775436651,0.20820887445887448,0.18622249388753057,0.38509649916742467,False,False,False
0.63,5,0.17795609756097558,0.1743249237593568,0.19047348484848486,0.1591035044824776,0.34960127113696554,False,False,False
0.63,6,0.16254471544715446,0.16004297199889103,0.17587662337662335,0.14246536267318663,0.3254246357529211,False,False,False
0.63,7,0.1563430894308943,0.15369004713057943,0.1685930735930736,0.13789323553382232,0.31913827890791696,False,False,True
0.63,8,0.15356422764227642,0.15050734682561687,0.16453463203463203,0.13704156479217602,0.31924738755770204,True,True,False
0.63,9,0.15828130081300815,0.15431106182423066,0.169629329004329,0.14118989405052976,0.33343123685969966,False,False,False
0.63,10,0.16411219512195122,0.15915719434433045,0.177637987012987,0.14374083129584353,0.3498651220453614,False,False,False
0.63,11,0.1724861788617886,0.1667410590518436,0.19030573593073594,0.1456479217603912,0.37,False,False,False
0.64,1,0.3416455284552845,0.35158303299140564,0.31082251082251083,0.38806845965770176,0.64,False,False,False
0.64,2,0.26724552845528454,0.26652619905738845,0.26652597402597406,0.26832925835370824,0.5043347359923828,False,False,False
0.64,3,0.22650406504065043,0.22365955087330192,0.2306709956709957,0.22022819885900569,0.43170564749907064,False,False,False
0.64,4,0.2007869918699187,0.1963404491266981,0.2099891774891775,0.18692746536267318,0.387317014296413,False,False,False
0.64,5,0.17821788617886178,0.17441641253118936,0.19121212121212122,0.1586471067644662,0.34965279805991295,False,False,False
0.64,6,0.1618211382113821,0.15919046298863324,0.17562770562770563,0.14102689486552566,0.32350344403492387,False,False,False
0.64,7,0.15467967479674796,0.1519489880787358,0.1673051948051948,0.1356642216788916,0.31531241948752287,False,False,False
0.64,8,0.15101788617886178,0.14794566121430552,0.16216450216450215,0.13422982885085574,0.31362391221501174,True,True,True
0.64,9,0.15496585365853657,0.15103964513446075,0.16628787878787876,0.13791361043194783,0.3262224812669212,False,False,False
0.64,10,0.16001951219512192,0.15518159135015247,0.17326839826839827,0.14006519967400163,0.3410514365099256,False,False,False
0.64,11,0.16782439024390242,0.16223454394233433,0.18516233766233767,0.14171149144254278,0.36,False,False,False
0.65,1,0.34698373983739844,0.35707651788189637,0.3156791125541126,0.3941320293398533,0.65,False,False,False
0.65,2,0.2708292682926829,0.27002356528971444,0.2703057359307359,0.27161776691116546,0.5109451284327068,False,False,False
0.65,3,0.22886178861788617,0.22585250901025783,0.2333874458874459,0.22204563977180117,0.43591682256981007,False,False,False
0.65,4,0.20213821138211382,0.19749792070973107,0.21176948051948052,0.18763243683781583,0.3895375294254014,False,False,False
0.65,5,0.17847967479674798,0.1745079013030219,0.19195075757575758,0.15819070904645477,0.3497043249828603,False,False,False
0.65,6,0.16109756097560976,0.15833795397837538,0.17537878787878788,0.1395884270578647,0.3215822523169266,False,False,False
0.65,7,0.15301626016260161,0.15020792902689215,0.16601731601731598,0.13343520782396087,0.31148656006712877,False,False,False
0.65,8,0.14847154471544713,0.14538397560299418,0.1597943722943723,0.13141809290953543,0.30800043687232137,True,True,True
0.65,9,0.15165040650406503,0.14776822844469087,0.16294642857142858,0.13463732681336593,0.3190137256741427,False,False,False
0.65,10,0.15592682926829268,0.15120598835597449,0.16889880952380953,0.13638956805215974,0.3322377509744898,False,False,False
0.65,11,0.16316260162601626,0.15772802883282505,0.18001893939393937,0.13777506112469437,0.35,False,False,False
0.66,1,0.3523219512195122,0.362570002772387,0.3205357142857143,0.4001955990220049,0.66,False,False,False
0.66,2,0.2744130081300813,0.2735209315220405,0.27408549783549785,0.2749062754686227,0.5175555208730307,False,False,False
0.66,3,0.23121951219512196,0.22804546714721374,0.2361038961038961,0.2238630806845966,0.4401279976405495,False,False,False
0.66,4,0.20348943089430896,0.19865539229276405,0.21354978354978355,0.18833740831295845,0.39175804455438973,False,False,False
0.66,5,0.17874146341463415,0.17459939007485445,0.19268939393939397,0.15773431132844334,0.3497558519058077,False,False,False
0.66,6,0.16037398373983738,0.15748544496811753,0.17512987012987014,0.13814995925020374,0.3196610605989294,False,False,False
0.66,7,0.15135284552845527,0.14846686997504852,0.16472943722943723,0.13120619396903013,0.3076607006467347,False,False,False
0.66,8,0.1459252032520325,0.14282228999168284,0.1574242424242424,0.12860635696821515,0.30237696152963106,True,True,True
0.66,9,0.14833495934959348,0.14449681175492096,0.15960497835497836,0.13136104319478403,0.31180497008136426,False,False,False
0.66,10,0.15183414634146342,0.1472303853617965,0.16452922077922078,0.13271393643031784,0.323424065439054,False,False,False
0.66,11,0.15850081300813007,0.15322151372331577,0.1748755411255411,0.13383863080684597,0.33999999999999997,False,False,False
0.67,1,0.35766016260162603,0.3680634876628777,0.32539231601731605,0.4062591687041565,0.67,False,False,False
0.67,2,0.2779967479674797,0.27701829775436654,0.2778652597402597,0.2781947840260799,0.5241659133133547,False,False,False
0.67,3,0.23357723577235776,0.23023842528416968,0.2388203463203463,0.22568052159739202,0.4443391727112889,False,False,False
0.67,4,0.20484065040650407,0.19981286387579708,0.2153300865800866,0.18904237978810104,0.3939785596833781,False,False,False
0.67,5,0.1790032520325203,0.174690878846687,0.1934280303030303,0.15727791361043197,0.3498073788287551,False,False,False
0.67,6,0.15965040650406503,0.15663293595785974,0.1748809523809524,0.1367114914425428,0.3177398688809322,False,False,False
0.67,7,0.14968943089430892,0.14672581092320489,0.16344155844155842,0.12897718011409942,0.3038348412263405,False,False,False
0.67,8,0.1433788617886179,0.1402606043803715,0.15505411255411253,0.12579462102689487,0.29675348618694075,True,True,True
0.67,9,0.14501951219512194,0.14122539506515108,0.15626352813852812,0.1280847595762021,0.30459621448858576,False,False,False
0.67,10,0.14774146341463412,0.1432547823676185,0.16015963203463202,0.12903830480847595,0.31461037990361823,False,False,False
0.67,11,0.15383902439024388,0.14871499861380647,0.16973214285714283,0.12990220048899753,0.32999999999999996,False,False,False
0.68,1,0.36299837398373985,0.37355697255336845,0.3302489177489178,0.41232273838630806,0.68,False,False,False
0.68,2,0.28158048780487804,0.28051566398669253,0.28164502164502164,0.2814832925835371,0.5307763057536786,False,False,False
0.68,3,0.2359349593495935,0.2324313834211256,0.24153679653679655,0.22749796251018745,0.44855034778202835,False,False,False
0.68,4,0.2061918699186992,0.20097033545883008,0.21711038961038961,0.18974735126324369,0.39619907481236644,False,False,False
0.68,5,0.17926504065040652,0.17478236761851956,0.19416666666666668,0.15682151589242055,0.3498589057517025,False,False,False
0.68,6,0.15892682926829269,0.15578042694760189,0.17463203463203464,0.1352730236348818,0.315818677162935,False,False,False
0.68,7,0.1480260162601626,0.14498475187136123,0.16215367965367963,0.12674816625916868,0.3000089818059465,False,False,False
0.68,8,0.14083252032520324,0.13769891876906015,0.15268398268398267,0.12298288508557455,0.29113001084425044,True,True,True
0.68,9,0.14170406504065042,0.1379539783753812,0.1529220779220779,0.12480847595762021,0.29738745889580726,False,False,False
0.68,10,0.14364878048780486,0.1392791793734405,0.15579004329004328,0.12536267318663405,0.30579669436818235,False,False,False
0.68,11,0.1491772357723577,0.14420848350429719,0.16458874458874456,0.12596577017114913,0.31999999999999995,False,False,False
0.69,1,0.3683365853658537,0.3790504574438591,0.3351055194805195,0.41838630806845967,0.69,False,False,False
0.69,2,0.28516422764227645,0.2840130302190186,0.28542478354978357,0.28477180114099426,0.5373866981940025,False,False,False
0.69,3,0.23829268292682926,0.2346243415580815,0.24425324675324675,0.2293154034229829,0.4527615228527677,False,False,False
0.69,4,0.20754308943089428,0.20212780704186306,0.21889069264069264,0.1904523227383863,0.3984195899413548,False,False,False
0.69,5,0.17952682926829272,0.17487385639035208,0.194905303030303,0.15636511817440915,0.3499104326746499,False,False,False
0.69,6,0.15820325203252034,0.15492791793734406,0.1743831168831169,0.13383455582722087,0.3138974854449378,False,False,False
0.69,7,0.14636260162601628,0.14324369281951763,0.16086580086580085,0.124519152404238,0.2961831223855524,False,False,False
0.69,8,0.13828617886178865,0.13513723315774884,0.15031385281385282,0.1201711491442543,0.2855065355015602,True,False,True
0.69,9,0.13838861788617887,0.13468256168561132,0.14958062770562772,0.12153219233903834,0.29017870330302886,False,True,False
0.69,10,0.13955609756097564,0.13530357637926257,0.15142045454545458,0.1216870415647922,0.29698300883274664,False,False,False
0.69,11,0.14451544715447157,0.13970196839478793,0.15944534632034635,0.12202933985330075,0.31000000000000005,False,False,False
0.7,1,0.37367479674796744,0.38454394233434985,0.3399621212121212,0.4244498777506112,0.7,False,False,False
0.7,2,0.2887479674796748,0.2875103964513446,0.28920454545454544,0.2880603096984515,0.5439970906343264,False,False,False
0.7,3,0.24065040650406505,0.2368172996950374,0.24696969696969695,0.23113284433577833,0.45697269792350714,False,False,False
0.7,4,0.20889430894308944,0.20328527862489604,0.22067099567099566,0.19115729421352895,0.40064010507034314,False,False,False
0.7,5,0.17978861788617886,0.17496534516218465,0.1956439393939394,0.15590872045639773,0.34996195959759724,False,False,False
0.7,6,0.15747967479674796,0.1540754089270862,0.17413419913419914,0.1323960880195599,0.3119762937269406,False,False,False
0.7,7,0.14469918699186993,0.14150263376767397,0.15957792207792207,0.12229013854930726,0.2923572629651583,False,False,False
0.7,8,0.135739837398374,0.1325755475464375,0.14794372294372296,0.11735941320293401,0.2798830601588698,False,False,True
0.7,9,0.13507317073170733,0.13141114499584144,0.1462391774891775,0.11825590872045641,0.2829699477102504,True,False,False
0.7,10,0.13546341463414635,0.13132797338508456,0.14705086580086582,0.11801140994295031,0.2881693232973109,False,True,False
0.7,11,0.13985365853658538,0.13519545328527866,0.15430194805194808,0.11809290953545235,0.30000000000000004,False,False,False
0.71,1,0.37901300813008126,0.3900374272248406,0.34481872294372296,0.4305134474327628,0.71,False,False,False
0.71,2,0.29233170731707314,0.2910077626836706,0.2929843073593074,0.29134881825590875,0.5506074830746504,False,False,False
0.71,3,0.24300813008130082,0.2390102578319933,0.24968614718614715,0.23295028524857375,0.46118387299424657,False,False,False
0.71,4,0.21024552845528455,0.204442750207929,0.2224512987012987,0.19186226568867154,0.4028606201993315,False,False,False
0.71,5,0.18005040650406504,0.17505683393401716,0.19638257575757573,0.15545232273838633,0.35001348652054465,False,False,False
0.71,6,0.1567560975609756,0.1532228999168284,0.17388528138528137,0.13095762021189894,0.3100551020089434,False,False,False
0.71,7,0.14303577235772358,0.13976157471583034,0.1582900432900433,0.12006112469437652,0.2885314035447642,False,False,False
0.71,8,0.13319349593495936,0.13001386193512615,0.14557359307359308,0.1145476772616137,0.2742595848161795,False,False,True
0.71,9,0.13175772357723578,0.12813972830607154,0.1428977272727273,0.1149796251018745,0.2757611921174719,False,False,False
0.71,10,0.13137073170731708,0.12735237039090658,0.14268127705627706,0.11433577832110842,0.27935563776187505,True,True,False
0.71,11,0.1351918699186992,0.13068893817576935,0.1491585497835498,0.11415647921760393,0.29000000000000004,False,False,False
0.72,1,0.3843512195121951,0.39553091211533126,0.34967532467532464,0.43657701711491437,0.72,False,False,False
0.72,2,0.29591544715447154,0.2945051289159967,0.29676406926406923,0.2946373268133659,0.5572178755149744,False,False,False
0.72,3,0.24536585365853658,0.24120321596894925,0.25240259740259735,0.2347677261613692,0.46539504806498605,False,False,False
0.72,4,0.2115967479674797,0.20560022179096202,0.22423160173160173,0.1925672371638142,0.40508113532831985,False,False,False
0.72,5,0.18031219512195124,0.17514832270584973,0.19712121212121214,0.1549959250203749,0.35006501344349206,False,False,False
0.72,6,0.15603252032520323,0.15237039090657056,0.17363636363636364,0.129519152404238,0.30813391029094617,False,False,False
0.72,7,0.14137235772357726,0.1380205156639867,0.1570021645021645,0.11783211083944581,0.2847055441243701,False,False,False
0.72,8,0.1306471544715447,0.1274521763238148,0.1432034632034632,0.11173594132029342,0.2686361094734892,False,False,False
0.72,9,0.12844227642276423,0.12486831161630164,0.13955627705627707,0.11170334148329258,0.26855243652469346,False,False,True
0.72,10,0.1272780487804878,0.12337676739672859,0.13831168831168833,0.11066014669926653,0.2705419522264393,True,True,False
0.72,11,0.13053008130081303,0.12618242306626007,0.14401515151515154,0.11022004889975551,0.28,False,False,False
0.73,1,0.38968943089430896,0.401024397005822,0.3545319264069264,0.442640586797066,0.73,False,False,False
0.73,2,0.29949918699186995,0.2980024951483227,0.30054383116883115,0.2979258353708232,0.5638282679552984,False,False,False
0.73,3,0.24772357723577235,0.24339617410590517,0.25511904761904763,0.2365851670741646,0.4696062231357254,False,False,False
0.73,4,0.2129479674796748,0.20675769337399502,0.22601190476190477,0.19327220863895678,0.4073016504573082,False,False,False
0.73,5,0.1805739837398374,0.1752398114776823,0.19785984848484847,0.1545395273023635,0.3501165403664394,False,False,False
0.73,6,0.15530894308943088,0.15151788189631274,0.1733874458874459,0.128080684596577,0.3062127185729489,False,False,False
0.73,7,0.1397089430894309,0.13627945661214305,0.15571428571428572,0.1156030969845151,0.280879684703976,False,False,False
0.73,8,0.12810081300813006,0.12489049071250347,0.14083333333333334,0.10892420537897311,0.2630126341307989,False,False,False
0.73,9,0.1251268292682927,0.12159689492653175,0.13621482683982686,0.10842705786471067,0.26134368093191496,False,False,True
0.73,10,0.12318536585365857,0.1194011644025506,0.13394209956709957,0.10698451507742462,0.26172826669100346,True,True,False
0.73,11,0.12586829268292685,0.12167590795675078,0.13887175324675324,0.10628361858190709,0.27,False,False,False
0.74,1,0.3950276422764228,0.4065178818963127,0.3593885281385281,0.4487041564792176,0.74,False,False,False
0.74,2,0.30308292682926824,0.3014998613806487,0.3043235930735931,0.30121434392828034,0.5704386603956223,False,False,False
0.74,3,0.2500813008130081,0.2455891322428611,0.25783549783549786,0.23840260798696006,0.47381739820646485,False,False,False
0.74,4,0.21429918699186992,0.20791516495702797,0.22779220779220777,0.19397718011409945,0.40952216558629656,False,False,False
0.74,5,0.1808357723577236,0.17533130024951482,0.19859848484848483,0.15408312958435208,0.3501680672893868,False,False,False
0.74,6,0.15458536585365854,0.15066537288605492,0.17313852813852812,0.12664221678891605,0.3042915268549517,False,False,False
0.74,7,0.13804552845528456,0.13453839756029942,0.1544264069264069,0.11337408312958436,0.2770538252835819,False,False,False
0.74,8,0.12555447154471547,0.12232880510119212,0.13846320346320345,0.1061124694376528,0.25738915878810853,False,False,False
0.74,9,0.12181138211382116,0.11832547823676186,0.13287337662337664,0.10515077424612877,0.2541349253391365,False,False,False
0.74,10,0.11909268292682929,0.11542556140837262,0.1295725108225108,0.10330888345558273,0.25291458115556764,True,True,True
0.74,11,0.12120650406504066,0.11716939284724147,0.13372835497835497,0.10234718826405868,0.26,False,False,False
0.75,1,0.4003658536585366,0.41201136678680345,0.36424512987012986,0.4547677261613692,0.75,False,False,False
0.75,2,0.30666666666666664,0.30499722761297476,0.308103354978355,0.30450285248573755,0.5770490528359462,False,False,False
0.75,3,0.2524390243902439,0.24778209037981702,0.26055194805194803,0.2402200488997555,0.4780285732772043,False,False,False
0.75,4,0.21565040650406503,0.209072636540061,0.22957251082251082,0.19468215158924204,0.4117426807152849,False,False,False
0.75,5,0.18109756097560975,0.1754227890213474,0.19933712121212122,0.15362673186634065,0.3502195942123342,False,False,False
0.75,6,0.15386178861788619,0.14981286387579706,0.1728896103896104,0.12520374898125508,0.3023703351369545,False,False,False
0.75,7,0.1363821138211382,0.1327973385084558,0.15313852813852813,0.11114506927465363,0.2732279658631878,False,False,False
0.75,8,0.1230081300813008,0.1197671194898808,0.1360930735930736,0.10330073349633252,0.2517656834454182,False,False,False
0.75,9,0.1184959349593496,0.11505406154699196,0.1295319264069264,0.10187449062754686,0.246926169746358,False,False,False
0.75,10,0.115,0.11144995841419462,0.12520292207792208,0.09963325183374083,0.24410089562013185,True,True,True
0.75,11,0.11654471544715447,0.11266287773773219,0.1285849567099567,0.09841075794621026,0.25,False,False,False
0.76,1,0.4057040650406504,0.4175048516772942,0.3691017316017316,0.46083129584352084,0.76,False,False,False
0.76,2,0.31025040650406505,0.3084945938453008,0.3118831168831169,0.3077913610431948,0.5836594452762701,False,False,False
0.76,3,0.2547967479674797,0.24997504851677294,0.26326839826839826,0.24203748981255097,0.48223974834794375,False,False,False
0.76,4,0.21700162601626016,0.210230108123094,0.23135281385281387,0.19538712306438466,0.4139631958442733,False,False,False
0.76,5,0.18135934959349592,0.17551427779317993,0.20007575757575755,0.15317033414832926,0.3502711211352816,False,False,False
0.76,6,0.1531382113821138,0.1489603548655392,0.17264069264069265,0.12376528117359414,0.30044914341895723,False,False,False
0.76,7,0.13471869918699186,0.13105627945661216,0.15185064935064935,0.10891605541972289,0.2694021064427937,False,False,False
0.76,8,0.12046178861788616,0.11720543387856945,0.13372294372294372,0.10048899755501223,0.2461422081027279,False,False,False
0.76,9,0.11518048780487804,0.11178264485722207,0.1261904761904762,0.09859820700896496,0.2397174141535795,False,False,False
0.76,10,0.11090731707317072,0.10747435542001663,0.12083333333333333,0.09595762021189894,0.23528721008469605,True,True,True
0.76,11,0.11188292682926829,0.1081563626282229,0.12344155844155845,0.09447432762836186,0.24,False,False,False
0.77,1,0.4110422764227642,0.4229983365677849,0.37395833333333334,0.4668948655256724,0.77,False,False,False
0.77,2,0.3138341463414634,0.31199196007762686,0.3156628787878788,0.311079869600652,0.5902698377165941,False,False,False
0.77,3,0.25715447154471544,0.25216800665372885,0.2659848484848485,0.24385493072534636,0.4864509234186832,False,False,False
0.77,4,0.2183528455284553,0.21138757970612695,0.2331331168831169,0.1960920945395273,0.4161837109732617,False,False,False
0.77,5,0.18162113821138212,0.17560576656501248,0.20081439393939396,0.15271393643031783,0.350322648058229,False,False,False
0.77,6,0.15241463414634146,0.14810784585528136,0.17239177489177487,0.12232681336593317,0.29852795170096,False,False,False
0.77,7,0.13305528455284552,0.12931522040476848,0.15056277056277056,0.10668704156479215,0.26557624702239957,False,False,False
0.77,8,0.11791544715447154,0.11464374826725811,0.13135281385281383,0.09767726161369193,0.24051873276003757,False,False,False
0.77,9,0.11186504065040649,0.10851122816745216,0.12284902597402596,0.09532192339038305,0.23250865856080105,False,False,False
0.77,10,0.10681463414634144,0.10349875242583864,0.11646374458874459,0.09228198859005704,0.22647352454926026,True,True,True
0.77,11,0.10722113821138211,0.1036498475187136,0.11829816017316017,0.09053789731051344,0.22999999999999998,False,False,False
0.78,1,0.4163804878048781,0.42849182145827563,0.3788149350649351,0.472958435207824,0.78,False,False,False
0.78,2,0.3174178861788618,0.31548932630995297,0.3194426406926407,0.31436837815810925,0.5968802301569182,False,False,False
0.78,3,0.25951219512195123,0.25436096479068476,0.2687012987012987,0.24567237163814182,0.49066209848942255,False,False,False
0.78,4,0.21970406504065038,0.21254505128915996,0.2349134199134199,0.19679706601466992,0.41840422610225003,False,False,False
0.78,5,0.1818829268292683,0.17569725533684502,0.2015530303030303,0.15225753871230643,0.35037417498117635,False,False,False
0.78,6,0.1516910569105691,0.14725533684502357,0.17214285714285715,0.1208883455582722,0.2966067599829628,False,False,False
0.78,7,0.13139186991869917,0.12757416135292485,0.14927489177489178,0.10445802770986144,0.2617503876020055,False,False,False
0.78,8,0.1153691056910569,0.11208206265594677,0.12898268398268398,0.09486552567237164,0.23489525741734724,False,False,False
0.78,9,0.10854959349593495,0.10523981147768227,0.11950757575757574,0.09204563977180112,0.22529990296802255,False,False,False
0.78,10,0.10272195121951219,0.09952314943166064,0.11209415584415583,0.08860635696821514,0.21765983901382444,False,False,True
0.78,11,0.10255934959349591,0.09914333240920431,0.1131547619047619,0.08660146699266504,0.21999999999999997,True,True,False
0.79,1,0.4217186991869919,0.4339853063487663,0.38367153679653676,0.47902200488997554,0.79,False,False,False
0.79,2,0.3210016260162602,0.3189866925422789,0.3232224025974026,0.3176568867155664,0.6034906225972421,False,False,False
0.79,3,0.26186991869918697,0.25655392292764073,0.27141774891774895,0.24748981255093727,0.49487327356016203,False,False,False
0.79,4,0.22105528455284554,0.21370252287219296,0.23669372294372293,0.19750203748981257,0.4206247412312384,False,False,False
0.79,5,0.1821447154471545,0.1757887441086776,0.20229166666666668,0.15180114099429504,0.3504257019041237,False,False,False
0.79,6,0.15096747967479673,0.14640282783476574,0.1718939393939394,0.11944987775061125,0.2946855682649656,False,False,False
0.79,7,0.12972845528455285,0.12583310230108122,0.14798701298701297,0.10222901385493072,0.2579245281816114,False,False,False
0.79,8,0.11282276422764226,0.10952037704463542,0.1266125541125541,0.09205378973105134,0.22927178207465693,False,False,False
0.79,9,0.1052341463414634,0.10196839478791238,0.11616612554112553,0.08876935615321922,0.21809114737524407,False,False,False
0.79,10,0.09862926829268291,0.09554754643748266,0.1077245670995671,0.08493072534637325,0.20884615347838864,False,False,True
0.79,11,0.09789756097560974,0.09463681729969503,0.10801136363636361,0.0826650366748166,0.20999999999999996,True,True,False
0.8,1,0.4270569105691057,0.43947879123925704,0.38852813852813856,0.4850855745721272,0.8,False,False,False
0.8,2,0.32458536585365855,0.32248405877460495,0.3270021645021645,0.3209453952730236,0.610101015037566,False,False,False
0.8,3,0.26422764227642276,0.25874688106459665,0.2741341991341991,0.2493072534637327,0.49908444863090146,False,False,False
0.8,4,0.22240650406504064,0.21485999445522594,0.238474025974026,0.19820700896495516,0.42284525636022674,False,False,False
0.8,5,0.18240650406504064,0.17588023288051013,0.20303030303030303,0.1513447432762836,0.3504772288270711,False,False,False
0.8,6,0.15024390243902438,0.1455503188245079,0.17164502164502163,0.1180114099429503,0.2927643765469684,False,False,False
0.8,7,0.1280650406504065,0.1240920432492376,0.14669913419913422,0.09999999999999999,0.25409866876121734,False,False,False
0.8,8,0.11027642276422762,0.10695869143332408,0.12424242424242422,0.08924205378973103,0.22364830673196662,False,False,False
0.8,9,0.10191869918699187,0.09869697809814248,0.11282467532467531,0.08549307253463731,0.2108823917824656,False,False,False
0.8,10,0.09453658536585363,0.09157194344330467,0.10335497835497832,0.08125509372453135,0.20003246794295285,False,False,False
0.8,11,0.09323577235772355,0.09013030219018572,0.10286796536796534,0.0787286063569682,0.19999999999999996,True,True,True
0.81,1,0.43239512195121954,0.44497227612974777,0.3933847402597403,0.4911491442542787,0.81,False,False,False
0.81,2,0.3281691056910569,0.325981425006931,0.3307819264069264,0.3242339038304809,0.61671140747789,False,False,False
0.81,3,0.26658536585365855,0.26093983920155256,0.27685064935064935,0.2511246943765281,0.5032956237016409,False,False,False
0.81,4,0.2237577235772358,0.21601746603825892,0.240254329004329,0.1989119804400978,0.42506577148921515,False,False,False
0.81,5,0.1826682926829268,0.17597172165234268,0.2037689393939394,0.15088834555827219,0.3505287557500186,False,False,False
0.81,6,0.14952032520325204,0.14469780981425007,0.1713961038961039,0.11657294213528932,0.29084318482897115,False,False,False
0.81,7,0.12640162601626015,0.12235098419739394,0.14541125541125544,0.09777098614506925,0.2502728093408232,False,False,False
0.81,8,0.107730081300813,0.10439700582201274,0.12187229437229435,0.08643031784841075,0.21802483138927625,False,False,False
0.81,9,0.09860325203252031,0.09542556140837259,0.1094832251082251,0.08221678891605541,0.20367363618968712,False,False,False
0.81,10,0.09044390243902435,0.08759634044912668,0.09898538961038958,0.07757946210268946,0.19121878240751702,False,False,False
0.81,11,0.08857398373983737,0.08562378708067644,0.09772456709956708,0.07479217603911978,0.18999999999999995,True,True,True
0.82,1,0.4377333333333333,0.4504657610202384,0.398241341991342,0.49721271393643024,0.82,False,False,False
0.82,2,0.3317528455284553,0.329478791239257,0.3345616883116883,0.32752241238793806,0.6233217999182139,False,False,False
0.82,3,0.2689430894308943,0.2631327973385085,0.2795670995670996,0.2529421352893235,0.5075067987723803,False,False,False
0.82,4,0.22510894308943086,0.21717493762129192,0.24203463203463202,0.19961695191524043,0.42728628661820345,False,False,False
0.82,5,0.182930081300813,0.17606321042417522,0.20450757575757572,0.15043194784026082,0.3505802826729659,False,False,False
0.82,6,0.1487967479674797,0.14384530080399224,0.17114718614718613,0.11513447432762837,0.288921993110974,False,False,False
0.82,7,0.12473821138211384,0.12060992514555033,0.14412337662337665,0.09554197229013857,0.24644694992042915,False,False,False
0.82,8,0.10518373983739839,0.10183532021070142,0.11950216450216453,0.08361858190709048,0.212401356046586,False,False,False
0.82,9,0.09528780487804879,0.09215414471860273,0.10614177489177491,0.07894050529747354,0.1964648805969087,False,False,False
0.82,10,0.08635121951219515,0.08362073745494873,0.09461580086580089,0.07390383048084763,0.18240509687208134,False,False,False
0.82,11,0.08391219512195125,0.08111727197116719,0.09258116883116886,0.07085574572127142,0.18000000000000005,True,True,True
0.83,1,0.44307154471544713,0.4559592459107291,0.4030979437229437,0.5032762836185819,0.83,False,False,False
0.83,2,0.3353365853658536,0.33297615747158305,0.33834145021645023,0.33081092094539527,0.6299321923585378,False,False,False
0.83,3,0.27130081300813,0.2653257554754644,0.28228354978354975,0.254759576202119,0.5117179738431197,False,False,False
0.83,4,0.22646016260162602,0.21833240920432492,0.24381493506493507,0.20032192339038307,0.4295068017471918,False,False,False
0.83,5,0.18319186991869918,0.17615469919600776,0.20524621212121213,0.14997555012224936,0.35063180959591334,False,False,False
0.83,6,0.1480731707317073,0.1429927917937344,0.17089826839826838,0.11369600651996739,0.28700080139297673,False,False,False
0.83,7,0.1230747967479675,0.11886886609370668,0.14283549783549784,0.09331295843520783,0.24262109050003505,False,False,False
0.83,8,0.10263739837398374,0.09927363459939009,0.11713203463203466,0.08080684596577017,0.2067778807038957,False,False,False
0.83,9,0.09197235772357726,0.08888272802883283,0.10280032467532468,0.07566422167889161,0.18925612500413025,False,False,False
0.83,10,0.08225853658536587,0.07964513446077075,0.09024621212121214,0.07022819885900573,0.17359141133664555,False,False,False
0.83,11,0.07925040650406506,0.07661075686165791,0.08743777056277058,0.066919315403423,0.17000000000000004,True,True,True
0.84,1,0.44840975609756095,0.46145273080121985,0.40795454545454546,0.5093398533007334,0.84,False,False,False
0.84,2,0.33892032520325205,0.3364735237039091,0.34212121212121205,0.3340994295028525,0.6365425847988617,False,False,False
0.84,3,0.2736585365853659,0.2675187136124203,0.285,0.2565770171149145,0.5159291489138591,False,False,False
0.84,4,0.22781138211382113,0.21948988078735793,0.24559523809523812,0.20102689486552566,0.43172731687618016,False,False,False
0.84,5,0.18345365853658538,0.17624618796784028,0.20598484848484847,0.14951915240423796,0.3506833365188607,False,False,False
0.84,6,0.14734959349593496,0.1421402827834766,0.17064935064935063,0.11225753871230644,0.28507960967497953,False,False,False
0.84,7,0.12141138211382115,0.11712780704186306,0.14154761904761903,0.0910839445802771,0.23879523107964096,False,False,False
0.84,8,0.10009105691056909,0.09671194898807875,0.11476190476190477,0.07799511002444989,0.20115440536120538,False,False,False
0.84,9,0.0886569105691057,0.08561131133906294,0.09945887445887447,0.0723879380603097,0.18204736941135174,False,False,False
0.84,10,0.0781658536585366,0.07566953146659275,0.08587662337662338,0.06655256723716384,0.16477772580120972,False,False,False
0.84,11,0.07458861788617888,0.0721042417521486,0.08229437229437232,0.06298288508557459,0.16000000000000003,True,True,True
0.85,1,0.4537479674796748,0.4669462156917105,0.4128111471861472,0.5154034229828851,0.85,False,False,False
0.85,2,0.34250406504065034,0.3399708899362351,0.34590097402597403,0.33738793806030964,0.6431529772391857,False,False,False
0.85,3,0.2760162601626016,0.2697116717493762,0.2877164502164502,0.2583944580277099,0.5201403239845985,False,False,False
0.85,4,0.22916260162601623,0.2206473523703909,0.2473755411255411,0.20173186634066828,0.4339478320051685,False,False,False
0.85,5,0.18371544715447152,0.17633767673967288,0.20672348484848482,0.14906275468622654,0.3507348634418081,False,False,False
0.85,6,0.1466260162601626,0.14128777377321874,0.1704004329004329,0.11081907090464549,0.2831584179569823,False,False,False
0.85,7,0.11974796747967481,0.11538674799001943,0.14025974025974025,0.08885493072534638,0.23496937165924683,False,False,False
0.85,8,0.09754471544715448,0.0941502633767674,0.1123917748917749,0.07518337408312958,0.19553093001851501,False,False,False
0.85,9,0.08534146341463415,0.08233989464929305,0.09611742424242424,0.0691116544417278,0.17483861381857327,False,False,False
0.85,10,0.07407317073170733,0.07169392847241475,0.08150703463203465,0.06287693561532194,0.15596404026577393,False,False,False
0.85,11,0.06992682926829269,0.06759772664263933,0.07715097402597404,0.05904645476772617,0.15000000000000002,True,True,True
0.86,1,0.45908617886178865,0.47243970058220125,0.41766774891774894,0.5214669926650367,0.86,False,False,False
0.86,2,0.3460878048780488,0.3434682561685611,0.34968073593073595,0.3406764466177669,0.6497633696795098,False,False,False
0.86,3,0.27837398373983735,0.2719046298863321,0.29043290043290043,0.26021189894050534,0.524351499055338,False,False,False
0.86,4,0.2305138211382114,0.22180482395342388,0.24915584415584416,0.20243683781581093,0.43616834713415686,False,False,False
0.86,5,0.18397723577235772,0.1764291655115054,0.2074621212121212,0.14860635696821517,0.35078639036475545,False,False,False
0.86,6,0.14590243902439026,0.14043526476296092,0.17015151515151514,0.10938060309698452,0.28123722623898506,False,False,False
0.86,7,0.11808455284552846,0.11364568893817577,0.13897186147186147,0.08662591687041564,0.23114351223885274,False,False,False
0.86,8,0.09499837398373984,0.09158857776545606,0.11002164502164502,0.0723716381418093,0.1899074546758247,False,False,False
0.86,9,0.08202601626016261,0.07906847795952317,0.09277597402597403,0.06583537082314589,0.1676298582257948,False,False,False
0.86,10,0.06998048780487805,0.06771832547823677,0.0771374458874459,0.059201303993480045,0.14715035473033813,False,False,False
0.86,11,0.06526504065040652,0.06309121153313003,0.07200757575757577,0.055110024449877754,0.14,True,True,True
0.87,1,0.4644243902439024,0.477933185472692,0.4225243506493507,0.5275305623471882,0.87,False,False,False
0.87,2,0.34967154471544715,0.34696562240088713,0.3534604978354978,0.34396495517522413,0.6563737621198337,False,False,False
0.87,3,0.2807317073170732,0.2740975880232881,0.29314935064935066,0.26202933985330074,0.5285626741260775,False,False,False
0.87,4,0.2318650406504065,0.22296229553645688,0.25093614718614715,0.20314180929095355,0.4383888622631452,False,False,False
0.87,5,0.1842390243902439,0.17652065428333794,0.20820075757575757,0.14814995925020374,0.35083791728770286,False,False,False
0.87,6,0.14517886178861789,0.1395827557527031,0.1699025974025974,0.10794213528932355,0.2793160345209879,False,False,False
0.87,7,0.11642113821138211,0.11190462988633212,0.1376839826839827,0.08439690301548493,0.22731765281845862,False,False,False
0.87,8,0.0924520325203252,0.08902689215414472,0.10765151515151515,0.069559902200489,0.1842839793331344,False,False,False
0.87,9,0.07871056910569106,0.07579706126975325,0.08943452380952381,0.06255908720456398,0.16042110263301632,False,False,False
0.87,10,0.06588780487804878,0.06374272248405878,0.07276785714285713,0.055525672371638135,0.1383366691949023,False,False,False
0.87,11,0.06060325203252033,0.058584696423620734,0.06686417748917749,0.05117359413202934,0.13,True,True,True
0.88,1,0.46976260162601624,0.4834266703631827,0.42738095238095236,0.5335941320293399,0.88,False,False,False
0.88,2,0.35325528455284555,0.35046298863321323,0.3572402597402598,0.34725346373268134,0.6629841545601576,False,False,False
0.88,3,0.28308943089430894,0.27629054616024395,0.2958658008658009,0.2638467807660962,0.5327738491968168,False,False,False
0.88,4,0.23321626016260164,0.2241197671194899,0.25271645021645023,0.20384678076609616,0.4406093773921336,False,False,False
0.88,5,0.1845008130081301,0.17661214305517053,0.20893939393939395,0.14769356153219235,0.3508894442106502,False,False,False
0.88,6,0.14445528455284554,0.13873024674244525,0.16965367965367967,0.1065036674816626,0.27739484280299065,False,False,False
0.88,7,0.11475772357723577,0.1101635708344885,0.1363961038961039,0.08216788916055419,0.22349179339806452,False,False,False
0.88,8,0.08990569105691056,0.08646520654283338,0.10528138528138528,0.06674816625916871,0.17866050399044406,False,False,False
0.88,9,0.0753951219512195,0.07252564457998337,0.0860930735930736,0.05928280358598206,0.15321234704023784,False,False,False
0.88,10,0.06179512195121951,0.05976711948988078,0.0683982683982684,0.051850040749796246,0.12952298365946652,False,False,False
0.88,11,0.05594146341463414,0.05407818131411145,0.061720779220779225,0.04723716381418093,0.12,True,True,True
0.89,1,0.47510081300813006,0.48892015525367344,0.4322375541125541,0.5396577017114914,0.89,False,False,False
0.89,2,0.3568390243902439,0.3539603548655393,0.3610200216450216,0.35054197229013856,0.6695945470004815,False,False,False
0.89,3,0.28544715447154473,0.27848350429719987,0.29858225108225106,0.2656642216788916,0.5369850242675562,False,False,False
0.89,4,0.23456747967479674,0.2252772387025229,0.25449675324675325,0.20455175224123878,0.442829892521122,False,False,False
0.89,5,0.18476260162601627,0.17670363182700305,0.2096780303030303,0.14723716381418092,0.3509409711335976,False,False,False
0.89,6,0.14373170731707316,0.13787773773218742,0.16940476190476192,0.10506519967400163,0.27547365108499344,False,False,False
0.89,7,0.11309430894308943,0.10842251178264485,0.1351082251082251,0.07993887530562348,0.21966593397767045,False,False,False
0.89,8,0.08735934959349594,0.08390352093152204,0.1029112554112554,0.0639364303178484,0.17303702864775372,False,False,False
0.89,9,0.07207967479674796,0.06925422789021346,0.08275162337662338,0.056006519967400165,0.14600359144745934,False,False,False
0.89,10,0.05770243902439025,0.0557915164957028,0.06402867965367964,0.04817440912795436,0.12070929812403071,False,False,False
0.89,11,0.05127967479674796,0.049571666204602155,0.05657738095238095,0.04330073349633252,0.10999999999999999,True,True,True
0.9,1,0.48043902439024394,0.49441364014416417,0.43709415584415584,0.545721271393643,0.9,False,False,False
0.9,2,0.36042276422764236,0.3574577210978653,0.36479978354978354,0.3538304808475958,0.6762049394408056,False,False,False
0.9,3,0.28780487804878047,0.2806764624341558,0.30129870129870134,0.26748166259168704,0.5411961993382957,False,False,False
0.9,4,0.23591869918699188,0.22643471028555587,0.25627705627705627,0.20525672371638143,0.44505040765011034,False,False,False
0.9,5,0.18502439024390246,0.1767951205988356,0.21041666666666667,0.14678076609616952,0.350992498056545,False,False,False
0.9,6,0.1430081300813008,0.13702522872192957,0.16915584415584414,0.10362673186634067,0.27355245936699624,False,False,False
0.9,7,0.11143089430894308,0.10668145273080122,0.13382034632034634,0.07770986145069274,0.21584007455727633,False,False,False
0.9,8,0.08481300813008129,0.08134183532021069,0.10054112554112553,0.061124694376528114,0.1674135533050634,False,False,False
0.9,9,0.06876422764227642,0.06598281120044358,0.07941017316017317,0.052730236348818245,0.1387948358546809,False,False,False
0.9,10,0.05360975609756097,0.051815913501524806,0.05965909090909089,0.04449877750611247,0.1118956125885949,False,False,False
0.9,11,0.04661788617886178,0.04506515109509286,0.05143398268398267,0.0393643031784841,0.09999999999999998,True,True,True
0.91,1,0.48577723577235776,0.49990712503465484,0.4419507575757576,0.5517848410757947,0.91,False,False,False
0.91,2,0.36400650406504065,0.36095508733019127,0.3685795454545455,0.357118989405053,0.6828153318811295,False,False,False
0.91,3,0.29016260162601626,0.2828694205711117,0.3040151515151515,0.2692991035044825,0.5454073744090351,False,False,False
0.91,4,0.237269918699187,0.22759218186858884,0.2580573593073593,0.20596169519152405,0.4472709227790987,False,False,False
0.91,5,0.1852861788617886,0.17688660937066816,0.21115530303030305,0.14632436837815813,0.3510440249794924,False,False,False
0.91,6,0.14228455284552846,0.13617271971167175,0.16890692640692642,0.10218826405867971,0.271631267648999,False,False,False
0.91,7,0.10976747967479673,0.10494039367895758,0.13253246753246753,0.07548084759576201,0.21201421513688223,False,False,False
0.91,8,0.08226666666666665,0.07878014970889935,0.09817099567099566,0.05831295843520781,0.16179007796237307,False,False,False
0.91,9,0.06544878048780488,0.06271139451067367,0.07606872294372294,0.04945395273023634,0.13158608026190238,False,False,False
0.91,10,0.049517073170731694,0.04784031050734682,0.055289502164502145,0.04082314588427057,0.1030819270531591,False,False,False
0.91,11,0.0419560975609756,0.040558635985583576,0.0462905844155844,0.03542787286063569,0.08999999999999997,True,True,True
0.92,1,0.4911154471544716,0.5054006099251456,0.4468073593073593,0.5578484107579462,0.92,False,False,False
0.92,2,0.367590243902439,0.3644524535625173,0.37235930735930733,0.3604074979625102,0.6894257243214534,False,False,False
0.92,3,0.29252032520325205,0.28506237870806767,0.30673160173160174,0.27111654441727795,0.5496185494797745,False,False,False
0.92,4,0.23862113821138212,0.22874965345162185,0.25983766233766237,0.20666666666666667,0.44949143790808704,False,False,False
0.92,5,0.1855479674796748,0.1769780981425007,0.21189393939393938,0.1458679706601467,0.3510955519024398,False,False,False
0.92,6,0.1415609756097561,0.1353202107014139,0.16865800865800867,0.10074979625101875,0.2697100759310018,False,False,False
0.92,7,0.1081040650406504,0.10319933462711393,0.13124458874458875,0.07325183374083129,0.20818835571648814,False,False,False
0.92,8,0.07972032520325203,0.076218464097588,0.0958008658008658,0.055501222493887524,0.15616660261968274,False,False,False
0.92,9,0.06213333333333332,0.05943997782090379,0.07272727272727271,0.046177669111654426,0.1243773246691239,False,False,False
0.92,10,0.04542439024390242,0.04386470751316882,0.0509199134199134,0.037147514262428676,0.0942682415177233,False,False,False
0.92,11,0.03729430894308941,0.03605212087607428,0.04114718614718613,0.03149144254278727,0.07999999999999996,True,True,True
0.93,1,0.49645365853658535,0.5108940948156363,0.45166396103896106,0.5639119804400978,0.93,False,False,False
0.93,2,0.37117398373983745,0.36794981979484337,0.37613906926406926,0.3636960065199674,0.6960361167617773,False,False,False
0.93,3,0.2948780487804878,0.2872553368450236,0.30944805194805197,0.2729339853300734,0.5538297245505139,False,False,False
0.93,4,0.23997235772357725,0.22990712503465485,0.2616179653679654,0.20737163814180928,0.45171195303707545,False,False,False
0.93,5,0.18580975609756098,0.17706958691433322,0.2126325757575758,0.14541157294213528,0.35114707882538715,False,False,False
0.93,6,0.14083739837398374,0.13446770169115607,0.1684090909090909,0.09931132844335777,0.26778888421300456,False,False,False
0.93,7,0.10644065040650406,0.1014582755752703,0.12995670995670996,0.07102281988590056,0.20436249629609404,False,False,False
0.93,8,0.07717398373983739,0.07365677848627666,0.09343073593073592,0.05268948655256722,0.15054312727699243,False,False,False
0.93,9,0.05881788617886177,0.056168561131133894,0.0693858225108225,0.04290138549307252,0.11716856907634543,False,False,False
0.93,10,0.041331707317073155,0.03988910451899083,0.046550324675324654,0.03347188264058678,0.08545455598228749,False,False,False
0.93,11,0.03263252032520323,0.03154560576656499,0.03600378787878785,0.027555012224938853,0.06999999999999995,True,True,True
0.94,1,0.5017918699186992,0.5163875797061269,0.45652056277056274,0.5699755501222494,0.94,False,False,False
0.94,2,0.37475772357723575,0.37144718602716936,0.3799188311688312,0.3669845150774246,0.7026465092021014,False,False,False
0.94,3,0.2972357723577236,0.2894482949819795,0.3121645021645021,0.2747514262428688,0.5580408996212534,False,False,False
0.94,4,0.24132357723577233,0.23106459661768783,0.2633982683982684,0.2080766096169519,0.4539324681660638,False,False,False
0.94,5,0.18607154471544718,0.1771610756861658,0.21337121212121213,0.14495517522412388,0.3511986057483346,False,False,False
0.94,6,0.1401138211382114,0.13361519268089828,0.16816017316017315,0.09787286063569682,0.2658676924950074,False,False,False
0.94,7,0.10477723577235774,0.09971721652342669,0.12866883116883118,0.06879380603096985,0.20053663687569998,False,False,False
0.94,8,0.07462764227642277,0.07109509287496536,0.09106060606060608,0.049877750611246954,0.14491965193430217,False,False,False
0.94,9,0.05550243902439027,0.052897144441364036,0.06604437229437231,0.03962510187449064,0.10995981348356704,False,False,False
0.94,10,0.03723902439024392,0.03591350152481289,0.04218073593073596,0.029796251018744925,0.07664087044685179,False,False,False
0.94,11,0.0279707317073171,0.02703909065705575,0.030860389610389637,0.023618581907090486,0.06000000000000005,True,True,True
0.95,1,0.5071300813008129,0.5218810645966176,0.4613771645021645,0.5760391198044009,0.95,False,False,False
0.95,2,0.37834146341463415,0.3749445522594954,0.38369859307359305,0.3702730236348818,0.7092569016424253,False,False,False
0.95,3,0.2995934959349594,0.2916412531189354,0.3148809523809524,0.2765688671556642,0.5622520746919928,False,False,False
0.95,4,0.2426747967479675,0.23222206820072083,0.26517857142857143,0.20878158109209455,0.45615298329505216,False,False,False
0.95,5,0.18633333333333335,0.1772525644579983,0.2141098484848485,0.14449877750611248,0.35125013267128197,False,False,False
0.95,6,0.13939024390243904,0.13276268367064042,0.1679112554112554,0.09643439282803586,0.26394650077701015,False,False,False
0.95,7,0.1031138211382114,0.09797615747158304,0.12738095238095237,0.06656479217603913,0.19671077745530588,False,False,False
0.95,8,0.07208130081300815,0.06853340726365402,0.08869047619047621,0.04706601466992666,0.13929617659161186,False,False,False
0.95,9,0.052186991869918715,0.049625727751594136,0.0627029220779221,0.03634881825590874,0.10275105789078855,False,False,False
0.95,10,0.03314634146341465,0.031937898530634896,0.0378111471861472,0.02612061939690303,0.06782718491141598,False,False,False
0.95,11,0.023308943089430916,0.02253257554754646,0.025716991341991364,0.01968215158924207,0.050000000000000044,True,True,True
0.96,1,0.5124682926829268,0.5273745494871084,0.4662337662337662,0.5821026894865525,0.96,False,False,False
0.96,2,0.38192520325203255,0.37844191849182146,0.38747835497835503,0.373561532192339,0.7158672940827492,False,False,False
0.96,3,0.3019512195121951,0.2938342112558913,0.31759740259740266,0.27838630806845965,0.5664632497627321,False,False,False
0.96,4,0.2440260162601626,0.2333795397837538,0.26695887445887445,0.20948655256723714,0.4583734984240405,False,False,False
0.96,5,0.1865951219512195,0.1773440532298309,0.21484848484848482,0.14404237978810105,0.3513016595942294,False,False,False
0.96,6,0.1386666666666667,0.1319101746603826,0.16766233766233768,0.0949959250203749,0.26202530905901295,False,False,False
0.96,7,0.10145040650406503,0.09623509841973941,0.1260930735930736,0.0643357783211084,0.19288491803491176,False,False,False
0.96,8,0.0695349593495935,0.06597172165234268,0.08632034632034633,0.044254278728606364,0.13367270124892153,False,False,False
0.96,9,0.04887154471544716,0.04635431106182424,0.05936147186147187,0.033072534637326824,0.09554230229801006,False,False,False
0.96,10,0.02905365853658538,0.0279622955364569,0.03344155844155846,0.022444987775061136,0.059013499375980195,False,False,False
0.96,11,0.018647154471544733,0.018026060438037166,0.02057359307359309,0.015745721271393658,0.040000000000000036,True,True,True
0.97,1,0.5178065040650406,0.5328680343775991,0.4710903679653679,0.5881662591687041,0.97,False,False,False
0.97,2,0.38550894308943084,0.3819392847241474,0.39125811688311685,0.3768500407497962,0.7224776865230731,False,False,False
0.97,3,0.3043089430894309,0.29602716939284723,0.3203138528138528,0.2802037489812551,0.5706744248334716,False,False,False
0.97,4,0.2453772357723577,0.2345370113667868,0.26873917748917747,0.2101915240423798,0.46059401355302887,False,False,False
0.97,5,0.18685691056910567,0.17743554200166342,0.21558712121212123,0.14358598207008966,0.35135318651717673,False,False,False
0.97,6,0.13794308943089428,0.13105766565012475,0.1674134199134199,0.09355745721271395,0.26010411734101574,False,False,False
0.97,7,0.09978699186991871,0.09449403936789576,0.1248051948051948,0.06210676446617767,0.18905905861451766,False,False,False
0.97,8,0.06698861788617888,0.06341003604103133,0.08395021645021646,0.04144254278728607,0.1280492259062312,False,False,False
0.97,9,0.045556097560975624,0.04308289437205435,0.05602002164502166,0.029796251018744915,0.08833354670523158,False,False,False
0.97,10,0.024960975609756107,0.023986692542278913,0.02907196969696971,0.018769356153219244,0.05019981384054439,False,False,False
0.97,11,0.01398536585365855,0.013519545328527874,0.015430194805194818,0.011809290953545243,0.030000000000000027,True,True,True
0.98,1,0.5231447154471545,0.5383615192680898,0.47594696969696965,0.5942298288508557,0.98,False,False,False
0.98,2,0.3890926829268292,0.3854366509564735,0.39503787878787877,0.3801385493072535,0.7290880789633972,False,False,False
0.98,3,0.30666666666666664,0.2982201275298032,0.32303030303030306,0.28202118989405056,0.5748855999042111,False,False,False
0.98,4,0.24672845528455284,0.23569448294981982,0.27051948051948055,0.2108964955175224,0.4628145286820172,False,False,False
0.98,5,0.1871186991869919,0.17752703077349596,0.21632575757575756,0.14312958435207823,0.35140471344012414,False,False,False
0.98,6,0.13721951219512193,0.13020515663986693,0.16716450216450215,0.09211898940505298,0.2581829256230185,False,False,False
0.98,7,0.09812357723577236,0.09275298031605213,0.12351731601731603,0.059877750611246956,0.1852331991941236,False,False,False
0.98,8,0.06444227642276423,0.06084835042971999,0.08158008658008659,0.03863080684596577,0.12242575056354087,False,False,False
0.98,9,0.04224065040650407,0.039811477682284456,0.052678571428571436,0.026519967400163005,0.0811247911124531,False,False,False
0.98,10,0.020868292682926833,0.020011089548100925,0.024702380952380962,0.015093724531377351,0.041386128305108585,False,False,False
0.98,11,0.009323577235772366,0.009013030219018583,0.010286796536796546,0.007872860635696829,0.020000000000000018,True,True,True
0.99,1,0.5284829268292683,0.5438550041585806,0.48080357142857144,0.6002933985330073,0.99,False,False,False
0.99,2,0.39267642276422765,0.38893401718879955,0.3988176406926407,0.38342705786471065,0.7356984714037211,False,False,False
0.99,3,0.30902439024390244,0.3004130856667591,0.3257467532467532,0.28383863080684596,0.5790967749749505,False,False,False
0.99,4,0.24807967479674797,0.23685195453285277,0.2722997835497835,0.21160146699266502,0.4650350438110056,False,False,False
0.99,5,0.18738048780487807,0.17761851954532853,0.21706439393939397,0.14267318663406683,0.3514562403630715,False,False,False
0.99,6,0.1364959349593496,0.1293526476296091,0.16691558441558443,0.09068052159739201,0.25626173390502127,False,False,False
0.99,7,0.09646016260162601,0.09101192126420847,0.12222943722943723,0.05764873675631622,0.18140733977372947,False,False,False
0.99,8,0.0618959349593496,0.058286664818408655,0.07920995670995672,0.03581907090464548,0.11680227522085054,False,False,False
0.99,9,0.038925203252032525,0.036540060992514556,0.04933712121212122,0.023243683781581096,0.07391603551967461,False,False,False
0.99,10,0.016775609756097563,0.01603548655392293,0.02033279220779221,0.011418092909535455,0.032572442769672784,False,False,False
0.99,11,0.004661788617886183,0.004506515109509291,0.005143398268398273,0.0039364303178484146,0.010000000000000009,True,True,True
1.0,1,0.5338211382113821,0.5493484890490713,0.4856601731601732,0.6063569682151589,1.0,False,False,False
1.0,2,0.396260162601626,0.3924313834211256,0.4025974025974026,0.38671556642216787,0.742308863844045,False,False,False
1.0,3,0.31138211382113823,0.302606043803715,0.32846320346320346,0.2856560717196414,0.5833079500456899,False,False,False
1.0,4,0.24943089430894308,0.23800942611588577,0.2740800865800866,0.21230643846780767,0.46725555893999393,False,False,False
1.0,5,0.18764227642276424,0.17771000831716108,0.2178030303030303,0.1422167889160554,0.3515077672860189,False,False,False
1.0,6,0.13577235772357724,0.12850013861935125,0.16666666666666666,0.08924205378973105,0.25434054218702407,False,False,False
1.0,7,0.09479674796747968,0.08927086221236484,0.12094155844155845,0.05541972290138549,0.17758148035333537,False,False,False
1.0,8,0.05934959349593496,0.05572497920709731,0.07683982683982683,0.03300733496332518,0.11117879987816022,False,False,False
1.0,9,0.03560975609756097,0.03326864430274466,0.04599567099567099,0.019967400162999183,0.06670727992689614,False,False,False
1.0,10,0.012682926829268294,0.01205988355974494,0.015963203463203464,0.007742461287693562,0.02375875723423698,False,False,False
1.0,11,0.0,0.0,0.0,0.0,0.0,True,True,True
